run_id,battery,model,optimizer,test_RMSE,test_MAE,test_R2,test_MAPE,training_time,hpo_time,model_size_mb,inference_ms_per_sample,train_peak_ram_abs_mb,train_peak_ram_delta_mb,hpo_peak_ram_abs_mb,hpo_peak_ram_delta_mb
1,B0005,RandomForest,Baseline,0.018860169922314308,0.017103910496930216,-4.0696417161191105,2.608444730720076,0.17029489995911717,,1.2588510513305664,5.189499817788601,313.96484375,0.01953125,,
1,B0005,XGBoost,Baseline,0.015307291818542812,0.013586820161943949,-2.339510310566442,2.073596895476649,0.04580110032111406,,0.09106826782226562,0.15854975208640099,313.96875,0.01953125,,
1,B0005,LightGBM,Baseline,0.028148475421760768,0.026545199570525573,-10.292648763098235,4.04207486226157,0.010670500341802835,,0.0661153793334961,0.6069999653846025,313.96875,0.01953125,,
1,B0006,RandomForest,Baseline,0.0405317522831242,0.03546037994541454,-3.815938264221468,6.122987415236903,0.15497019980102777,,1.2588510513305664,6.218200083822012,1018.44921875,0.01953125,,
1,B0006,XGBoost,Baseline,0.03668576422565793,0.03246258391885347,-2.9453477867128597,5.598910235432633,0.05435150023549795,,0.09165382385253906,0.17170002683997154,1020.26953125,1.76171875,,
1,B0006,LightGBM,Baseline,0.05306958881182157,0.04889343189284838,-7.256226465060108,8.410569809261927,0.013569700066000223,,0.06752300262451172,0.5165499169379473,1018.53515625,0.01953125,,
1,B0018,RandomForest,Baseline,0.011635990413234747,0.010623914519000332,-0.23383497815747778,1.55347956717254,0.1207799999974668,,1.002182960510254,5.2656501065939665,1773.4453125,0.01953125,,
1,B0018,XGBoost,Baseline,0.008559249892329406,0.007848214389973452,0.33239161831939956,1.144891979397789,0.03442349983379245,,0.08749866485595703,0.15905010513961315,1773.453125,0.01953125,,
1,B0018,LightGBM,Baseline,0.01770655372364783,0.015417651183344056,-1.8570540162012277,2.258972547590336,0.009316000156104565,,0.058135986328125,0.3589501138776541,1773.453125,0.01953125,,
2,B0005,RandomForest,Baseline,0.018487516982094186,0.016710473734961352,-3.8712816123552365,2.5486007744003425,0.1649980996735394,,1.2665414810180664,5.394000094383955,2385.4453125,0.01953125,,
2,B0005,XGBoost,Baseline,0.015307291818542812,0.013586820161943949,-2.339510310566442,2.073596895476649,0.052491100039333105,,0.09106826782226562,0.19349996000528336,2387.5,2.03125,,
2,B0005,LightGBM,Baseline,0.028148475421760768,0.026545199570525573,-10.292648763098235,4.04207486226157,0.011791300028562546,,0.0661153793334961,0.617349985986948,2385.55859375,0.01953125,,
2,B0006,RandomForest,Baseline,0.03980953199775685,0.03497070673874173,-3.6458405005298973,6.03639580346363,0.13523879973217845,,1.2665414810180664,5.376649787649512,2939.83203125,0.01953125,,
2,B0006,XGBoost,Baseline,0.03668576422565793,0.03246258391885347,-2.9453477867128597,5.598910235432633,0.04387810034677386,,0.09165382385253906,0.23789983242750168,2939.83203125,0.01953125,,
2,B0006,LightGBM,Baseline,0.05306958881182157,0.04889343189284838,-7.256226465060108,8.410569809261927,0.0146484998986125,,0.06752300262451172,0.32885000109672546,2939.83203125,0.01953125,,
2,B0018,RandomForest,Baseline,0.011849098738648343,0.010715905309500357,-0.279443185042922,1.5681598354773476,0.1165935997851193,,1.000260353088379,5.306449951604009,3655.8203125,0.01953125,,
2,B0018,XGBoost,Baseline,0.008559249892329406,0.007848214389973452,0.33239161831939956,1.144891979397789,0.035718599800020456,,0.08749866485595703,0.17930008471012115,3655.8203125,0.01953125,,
2,B0018,LightGBM,Baseline,0.01770655372364783,0.015417651183344056,-1.8570540162012277,2.258972547590336,0.016769000329077244,,0.058135986328125,0.361850019544363,3655.8203125,0.01953125,,
3,B0005,RandomForest,Baseline,0.019071194480519225,0.01743290457815058,-4.183723822089592,2.657967263600334,0.16000110004097223,,1.2561044692993164,5.486649926751852,4293.3359375,0.0234375,,
3,B0005,XGBoost,Baseline,0.015307291818542812,0.013586820161943949,-2.339510310566442,2.073596895476649,0.04875349998474121,,0.09106826782226562,0.1417000312358141,4293.4296875,0.01953125,,
3,B0005,LightGBM,Baseline,0.028148475421760768,0.026545199570525573,-10.292648763098235,4.04207486226157,0.01118490006774664,,0.0661163330078125,0.5953998770564795,4293.4921875,0.01953125,,
3,B0006,RandomForest,Baseline,0.04067871557796284,0.03599080621844392,-3.8509256137881422,6.209464990611994,0.310305199585855,,1.2561044692993164,15.561650041490793,4985.53515625,0.01953125,,
3,B0006,XGBoost,Baseline,0.03668576422565793,0.03246258391885347,-2.9453477867128597,5.598910235432633,0.0926689999178052,,0.09165382385253906,0.25984994135797024,4988.21484375,1.76171875,,
3,B0006,LightGBM,Baseline,0.05306958881182157,0.04889343189284838,-7.256226465060108,8.410569809261927,0.0271395999006927,,0.06752395629882812,0.835249898955226,4986.47265625,0.01953125,,
3,B0018,RandomForest,Baseline,0.011525796400126288,0.010671069318000371,-0.21057654640889445,1.5597368652219312,0.12876049987971783,,0.9992990493774414,5.199449835345149,5585.22265625,0.03125,,
3,B0018,XGBoost,Baseline,0.008559249892329406,0.007848214389973452,0.33239161831939956,1.144891979397789,0.047404900193214417,,0.08749866485595703,0.19724993035197258,5584.66015625,0.01953125,,
3,B0018,LightGBM,Baseline,0.01770655372364783,0.015417651183344056,-1.8570540162012277,2.258972547590336,0.008923899848014116,,0.058136940002441406,0.3287999425083399,5584.66015625,0.01953125,,
4,B0005,RandomForest,Baseline,0.01893554462023249,0.017289124505978144,-4.110244350293252,2.635963852615623,0.17531249998137355,,1.2632455825805664,5.5315999779850245,6233.43359375,0.02734375,,
4,B0005,XGBoost,Baseline,0.015307291818542812,0.013586820161943949,-2.339510310566442,2.073596895476649,0.050137899816036224,,0.09106826782226562,0.14394987374544144,6233.453125,0.01953125,,
4,B0005,LightGBM,Baseline,0.028148475421760768,0.026545199570525573,-10.292648763098235,4.04207486226157,0.020069700200110674,,0.06611061096191406,0.6101001054048538,6233.453125,0.01953125,,
4,B0006,RandomForest,Baseline,0.041207098465517164,0.03614856427176339,-3.9777630825157093,6.240343640726316,0.17374589992687106,,1.2632455825805664,5.74259995482862,6791.58984375,0.01953125,,
4,B0006,XGBoost,Baseline,0.03668576422565793,0.03246258391885347,-2.9453477867128597,5.598910235432633,0.045738200191408396,,0.09165382385253906,0.14115008525550365,6791.32421875,0.01953125,,
4,B0006,LightGBM,Baseline,0.05306958881182157,0.04889343189284838,-7.256226465060108,8.410569809261927,0.01307540014386177,,0.06751823425292969,0.31310017220675945,6792.171875,0.01953125,,
4,B0018,RandomForest,Baseline,0.01144545954467003,0.010475153993500347,-0.19375949167217232,1.531822133901663,0.18266090005636215,,1.001358985900879,5.407250020653009,3426.89453125,0.02734375,,
4,B0018,XGBoost,Baseline,0.008559249892329406,0.007848214389973452,0.33239161831939956,1.144891979397789,0.04390290006995201,,0.08749866485595703,0.1781000755727291,3426.8984375,0.01953125,,
4,B0018,LightGBM,Baseline,0.01770655372364783,0.015417651183344056,-1.8570540162012277,2.258972547590336,0.008811000268906355,,0.05813121795654297,0.5975000094622374,3426.7265625,0.01953125,,
5,B0005,RandomForest,Baseline,0.018530938281840378,0.016873933418303882,-3.8941906674524276,2.572873289929056,0.1911225998774171,,1.262833595275879,5.392800085246563,3966.015625,0.01953125,,
5,B0005,XGBoost,Baseline,0.015307291818542812,0.013586820161943949,-2.339510310566442,2.073596895476649,0.05025140009820461,,0.09106826782226562,0.18039997667074203,3966.01171875,0.01953125,,
5,B0005,LightGBM,Baseline,0.028148475421760768,0.026545199570525573,-10.292648763098235,4.04207486226157,0.01479729963466525,,0.0661172866821289,0.6188999395817518,3966.86328125,0.0234375,,
5,B0006,RandomForest,Baseline,0.04028338321984197,0.03561337508576803,-3.7570972220171877,6.144586662623943,0.1682372000068426,,1.262833595275879,5.6101500522345304,4547.671875,0.01953125,,
5,B0006,XGBoost,Baseline,0.03668576422565793,0.03246258391885347,-2.9453477867128597,5.598910235432633,0.04758220026269555,,0.09165382385253906,0.21989992819726467,4547.48046875,0.01953125,,
5,B0006,LightGBM,Baseline,0.05306958881182157,0.04889343189284838,-7.256226465060108,8.410569809261927,0.017496999818831682,,0.06752490997314453,0.5840503145009279,4547.48046875,0.01953125,,
5,B0018,RandomForest,Baseline,0.011163230561723058,0.010325844181500371,-0.1356124826599887,1.5095247016842162,0.13700160011649132,,0.9968271255493164,5.2947998046875,4381.7578125,0.01953125,,
5,B0018,XGBoost,Baseline,0.008559249892329406,0.007848214389973452,0.33239161831939956,1.144891979397789,0.039306600112468004,,0.08749866485595703,0.14059990644454956,4381.765625,0.01953125,,
5,B0018,LightGBM,Baseline,0.01770655372364783,0.015417651183344056,-1.8570540162012277,2.258972547590336,0.009076900314539671,,0.05813789367675781,0.3684998955577612,4382.7578125,0.01953125,,
6,B0005,RandomForest,Baseline,0.01933292753280947,0.017696792074665648,-4.326983007044468,2.6980592104178096,0.16956419963389635,,1.2602243423461914,5.6833999697119,4970.8203125,0.01953125,,
6,B0005,XGBoost,Baseline,0.015307291818542812,0.013586820161943949,-2.339510310566442,2.073596895476649,0.04728599963709712,,0.09106826782226562,0.14150002971291542,4970.640625,0.01953125,,
6,B0005,LightGBM,Baseline,0.028148475421760768,0.026545199570525573,-10.292648763098235,4.04207486226157,0.014445300213992596,,0.06611442565917969,0.3480000887066126,4971.48828125,0.01953125,,
6,B0006,RandomForest,Baseline,0.04060602966970871,0.035965604781015355,-3.8336055525927604,6.20532315152769,0.21473950007930398,,1.2602243423461914,5.675000138580799,4435.71484375,0.01953125,,
6,B0006,XGBoost,Baseline,0.03668576422565793,0.03246258391885347,-2.9453477867128597,5.598910235432633,0.05538260005414486,,0.09165382385253906,0.33735018223524094,4437.21484375,1.76171875,,
6,B0006,LightGBM,Baseline,0.05306958881182157,0.04889343189284838,-7.256226465060108,8.410569809261927,0.022369200363755226,,0.06752204895019531,0.6255500484257936,4435.47265625,0.01953125,,
6,B0018,RandomForest,Baseline,0.01206114103438578,0.011130153344500366,-0.3256447617969911,1.627118067522769,0.1466206000186503,,1.001633644104004,5.851899739354849,4751.96484375,0.01953125,,
6,B0018,XGBoost,Baseline,0.008559249892329406,0.007848214389973452,0.33239161831939956,1.144891979397789,0.05212489981204271,,0.08749866485595703,0.2899998798966408,4752.94140625,0.98828125,,
6,B0018,LightGBM,Baseline,0.01770655372364783,0.015417651183344056,-1.8570540162012277,2.258972547590336,0.016642199829220772,,0.058135032653808594,0.5524500738829374,4751.72265625,0.01953125,,
7,B0005,RandomForest,Baseline,0.018339891169964713,0.016625688273048743,-3.793796276435791,2.5352589916789015,0.141901099588722,,1.263382911682129,5.4155997931957245,183.68359375,0.1328125,,
7,B0005,XGBoost,Baseline,0.015307291818542812,0.013586820161943949,-2.339510310566442,2.073596895476649,0.04452680004760623,,0.09106826782226562,0.19335024990141392,286.25390625,0.01953125,,
7,B0005,LightGBM,Baseline,0.028148475421760768,0.026545199570525573,-10.292648763098235,4.04207486226157,0.013117399998009205,,0.06611442565917969,0.3448000643402338,287.328125,0.01953125,,
7,B0006,RandomForest,Baseline,0.04016668987759532,0.03563921500403113,-3.7295763194107643,6.147074182375867,0.14840020006522536,,1.263382911682129,5.266099935397506,969.0703125,0.01953125,,
7,B0006,XGBoost,Baseline,0.03668576422565793,0.03246258391885347,-2.9453477867128597,5.598910235432633,0.04864259995520115,,0.09165382385253906,0.14279992319643497,970.80859375,0.01953125,,
7,B0006,LightGBM,Baseline,0.05306958881182157,0.04889343189284838,-7.256226465060108,8.410569809261927,0.010535600129514933,,0.06752204895019531,0.5950501654297113,970.84765625,0.01953125,,
7,B0018,RandomForest,Baseline,0.011498251094996999,0.01067872045400029,-0.20479718799661706,1.5604692571549927,0.12741509964689612,,1.009598731994629,5.122500006109476,1596.67578125,0.01953125,,
7,B0018,XGBoost,Baseline,0.008559249892329406,0.007848214389973452,0.33239161831939956,1.144891979397789,0.03876559995114803,,0.08749866485595703,0.1392001286149025,1596.67578125,0.01953125,,
7,B0018,LightGBM,Baseline,0.01770655372364783,0.015417651183344056,-1.8570540162012277,2.258972547590336,0.008648400194942951,,0.058135032653808594,0.3215000033378601,1596.6796875,0.01953125,,
8,B0005,RandomForest,Baseline,0.019335549741621275,0.017644113521220764,-4.328428148661973,2.6903753077327233,0.14137870026752353,,1.253220558166504,5.23344986140728,2150.33203125,0.03125,,
8,B0005,XGBoost,Baseline,0.015307291818542812,0.013586820161943949,-2.339510310566442,2.073596895476649,0.04373300028964877,,0.09106826782226562,0.1588000450283289,2150.32421875,0.01953125,,
8,B0005,LightGBM,Baseline,0.028148475421760768,0.026545199570525573,-10.292648763098235,4.04207486226157,0.010923599824309349,,0.0661153793334961,0.3185998648405075,2150.33203125,0.01953125,,
8,B0006,RandomForest,Baseline,0.03933826405834979,0.03504901693835317,-3.536496018128153,6.045837552577505,0.14773610001429915,,1.253220558166504,5.235549993813038,2681.7421875,0.01953125,,
8,B0006,XGBoost,Baseline,0.03668576422565793,0.03246258391885347,-2.9453477867128597,5.598910235432633,0.047781200148165226,,0.09165382385253906,0.14790031127631664,2681.734375,0.01953125,,
8,B0006,LightGBM,Baseline,0.05306958881182157,0.04889343189284838,-7.256226465060108,8.410569809261927,0.013514900114387274,,0.06752300262451172,0.34455000422894955,2681.734375,0.01953125,,
8,B0018,RandomForest,Baseline,0.011574530704215233,0.010745104358000352,-0.2208355047648487,1.5696607723671954,0.12126629985868931,,0.9884500503540039,5.33199985511601,3277.12890625,0.01953125,,
8,B0018,XGBoost,Baseline,0.008559249892329406,0.007848214389973452,0.33239161831939956,1.144891979397789,0.036025299690663815,,0.08749866485595703,0.1431501004844904,3277.12890625,0.01953125,,
8,B0018,LightGBM,Baseline,0.01770655372364783,0.015417651183344056,-1.8570540162012277,2.258972547590336,0.008787999860942364,,0.058135986328125,0.3406498581171036,3277.140625,0.01953125,,
9,B0005,RandomForest,Baseline,0.019525023378943084,0.017807744947838846,-4.433368873353288,2.715278384459256,0.1447724001482129,,1.2585763931274414,5.246500018984079,4058.5078125,0.01953125,,
9,B0005,XGBoost,Baseline,0.015307291818542812,0.013586820161943949,-2.339510310566442,2.073596895476649,0.043723300099372864,,0.09106826782226562,0.14304998330771923,4058.671875,0.01953125,,
9,B0005,LightGBM,Baseline,0.028148475421760768,0.026545199570525573,-10.292648763098235,4.04207486226157,0.010827800258994102,,0.0661163330078125,0.43655000627040863,4058.67578125,0.01953125,,
9,B0006,RandomForest,Baseline,0.04101450433039707,0.037252941268523646,-3.93134158482417,6.415761773753184,0.142957900185138,,1.2585763931274414,5.348900333046913,4657.26171875,0.01953125,,
9,B0006,XGBoost,Baseline,0.03668576422565793,0.03246258391885347,-2.9453477867128597,5.598910235432633,0.050154800061136484,,0.09165382385253906,0.1558999065309763,4658.19140625,0.01953125,,
9,B0006,LightGBM,Baseline,0.05306958881182157,0.04889343189284838,-7.256226465060108,8.410569809261927,0.011098899878561497,,0.06752395629882812,0.32875011675059795,4658.19140625,0.01953125,,
9,B0018,RandomForest,Baseline,0.01152612779012613,0.010662396384000478,-0.2106461604667631,1.5585269304711342,0.12582980003207922,,0.9869394302368164,5.224999971687794,5235.72265625,0.01953125,,
9,B0018,XGBoost,Baseline,0.008559249892329406,0.007848214389973452,0.33239161831939956,1.144891979397789,0.03739870013669133,,0.08749866485595703,0.19610021263360977,5235.72265625,0.01953125,,
9,B0018,LightGBM,Baseline,0.01770655372364783,0.015417651183344056,-1.8570540162012277,2.258972547590336,0.008843799587339163,,0.058136940002441406,0.35770004615187645,5235.72265625,0.01953125,,
10,B0005,RandomForest,Baseline,0.019124228563186838,0.01742820270437461,-4.212594198823389,2.6575111775672027,0.16647599963471293,,1.2585763931274414,5.171849858015776,5839.3984375,0.01953125,,
10,B0005,XGBoost,Baseline,0.015307291818542812,0.013586820161943949,-2.339510310566442,2.073596895476649,0.0445460001938045,,0.09107017517089844,0.14514988288283348,5839.484375,0.01953125,,
10,B0005,LightGBM,Baseline,0.028148475421760768,0.026545199570525573,-10.292648763098235,4.04207486226157,0.011636200360953808,,0.0661163330078125,0.5799499340355396,5839.56640625,0.01953125,,
10,B0006,RandomForest,Baseline,0.040005528059578986,0.035231805110540665,-3.6916992641243,6.0817729351468355,0.15502769965678453,,1.2585763931274414,5.338050192221999,6475.44140625,0.01953125,,
10,B0006,XGBoost,Baseline,0.03668576422565793,0.03246258391885347,-2.9453477867128597,5.598910235432633,0.05295799998566508,,0.09165573120117188,0.23124972358345985,6477.00390625,1.765625,,
10,B0006,LightGBM,Baseline,0.05306958881182157,0.04889343189284838,-7.256226465060108,8.410569809261927,0.020874999929219484,,0.06752395629882812,0.49604964442551136,6475.2578125,0.01953125,,
10,B0018,RandomForest,Baseline,0.011470200763940265,0.010544552718500428,-0.19892607981024457,1.5412530678972576,0.12134570023044944,,1.0009469985961914,5.257099866867065,7074.65234375,0.01953125,,
10,B0018,XGBoost,Baseline,0.008559249892329406,0.007848214389973452,0.33239161831939956,1.144891979397789,0.03823329973965883,,0.08750057220458984,0.31919986940920353,7074.6640625,0.01953125,,
10,B0018,LightGBM,Baseline,0.01770655372364783,0.015417651183344056,-1.8570540162012277,2.258972547590336,0.014534200076013803,,0.058136940002441406,0.3275501076132059,7073.89453125,0.01953125,,
11,B0005,RandomForest,Baseline,0.01837164439720485,0.016583825964293135,-3.810410363699882,2.529515642921974,0.16310770018026233,,1.270249366760254,5.283700069412589,7682.59765625,0.01953125,,
11,B0005,XGBoost,Baseline,0.015307291818542812,0.013586820161943949,-2.339510310566442,2.073596895476649,0.04557660035789013,,0.09107017517089844,0.21580024622380733,7682.58984375,0.01953125,,
11,B0005,LightGBM,Baseline,0.028148475421760768,0.026545199570525573,-10.292648763098235,4.04207486226157,0.011648999992758036,,0.0661153793334961,0.3339999821037054,7682.58984375,0.01953125,,
11,B0006,RandomForest,Baseline,0.04156133357321915,0.03742463118912245,-4.063713201230384,6.448259377653952,0.1560280998237431,,1.270249366760254,5.291300127282739,7889.65234375,0.01953125,,
11,B0006,XGBoost,Baseline,0.03668576422565793,0.03246258391885347,-2.9453477867128597,5.598910235432633,0.04748419998213649,,0.09165573120117188,0.14189979992806911,7889.64453125,0.01953125,,
11,B0006,LightGBM,Baseline,0.05306958881182157,0.04889343189284838,-7.256226465060108,8.410569809261927,0.013081599958240986,,0.06752300262451172,0.33279997296631336,7889.64453125,0.01953125,,
11,B0018,RandomForest,Baseline,0.011426142818027089,0.010397056991000353,-0.18973342934045467,1.5200563944977452,0.11864069988951087,,0.9960031509399414,5.150000099092722,7937.17578125,0.02734375,,
11,B0018,XGBoost,Baseline,0.008559249892329406,0.007848214389973452,0.33239161831939956,1.144891979397789,0.04012060025706887,,0.08750057220458984,0.19215024076402187,7937.37109375,0.01953125,,
11,B0018,LightGBM,Baseline,0.01770655372364783,0.015417651183344056,-1.8570540162012277,2.258972547590336,0.008897099643945694,,0.058135986328125,0.4787500947713852,7938.36328125,0.01953125,,
12,B0005,RandomForest,Baseline,0.019284203388074378,0.017592352010579706,-4.3001660007199956,2.682570457713777,0.23608630010858178,,1.2547311782836914,9.138600202277303,182.75,0.15234375,,
12,B0005,XGBoost,Baseline,0.015307291818542812,0.013586820161943949,-2.339510310566442,2.073596895476649,0.06731600034981966,,0.09107017517089844,0.2707000821828842,288.625,1.9609375,,
12,B0005,LightGBM,Baseline,0.028148475421760768,0.026545199570525573,-10.292648763098235,4.04207486226157,0.02004020009189844,,0.0661172866821289,0.7256998214870691,287.76171875,0.01953125,,
12,B0006,RandomForest,Baseline,0.03986270036596498,0.03478495437357068,-3.6582584666079256,6.007052170998324,0.23114999989047647,,1.2547311782836914,8.863999973982573,980.6796875,0.0234375,,
12,B0006,XGBoost,Baseline,0.03668576422565793,0.03246258391885347,-2.9453477867128597,5.598910235432633,0.05859610019251704,,0.09165573120117188,0.26510003954172134,982.4140625,1.76171875,,
12,B0006,LightGBM,Baseline,0.05306958881182157,0.04889343189284838,-7.256226465060108,8.410569809261927,0.01747300010174513,,0.06752490997314453,0.634100055322051,980.671875,0.01953125,,
12,B0018,RandomForest,Baseline,0.011791593180180443,0.010790694028500452,-0.26705463791522877,1.5776495593783273,0.08065999997779727,,1.0042428970336914,3.7892998661845922,1641.3046875,0.01953125,,
12,B0018,XGBoost,Baseline,0.008559249892329406,0.007848214389973452,0.33239161831939956,1.144891979397789,0.02745470032095909,,0.08750057220458984,0.10635005310177803,1641.3046875,0.01953125,,
12,B0018,LightGBM,Baseline,0.01770655372364783,0.015417651183344056,-1.8570540162012277,2.258972547590336,0.006835699547082186,,0.05813789367675781,0.23830006830394268,1641.30859375,0.01953125,,
13,B0005,RandomForest,Baseline,0.01931413970310233,0.01765610996713711,-4.316634463698168,2.6920931330145907,0.1432133000344038,,1.2615976333618164,5.394949810579419,2236.1640625,0.0234375,,
13,B0005,XGBoost,Baseline,0.015307291818542812,0.013586820161943949,-2.339510310566442,2.073596895476649,0.04295590007677674,,0.09107017517089844,0.24634995497763157,2236.18359375,0.01953125,,
13,B0005,LightGBM,Baseline,0.028148475421760768,0.026545199570525573,-10.292648763098235,4.04207486226157,0.011393799912184477,,0.06611347198486328,0.32294983975589275,2236.1875,0.01953125,,
13,B0006,RandomForest,Baseline,0.04049778339515731,0.03578192524775948,-3.807869354961591,6.1733410486606415,0.14035429991781712,,1.2615976333618164,5.367449950426817,2793.13671875,0.01953125,,
13,B0006,XGBoost,Baseline,0.03668576422565793,0.03246258391885347,-2.9453477867128597,5.598910235432633,0.043585500214248896,,0.09165573120117188,0.1751999370753765,2793.125,0.01953125,,
13,B0006,LightGBM,Baseline,0.05306958881182157,0.04889343189284838,-7.256226465060108,8.410569809261927,0.013964600395411253,,0.0675210952758789,0.5259502213448286,2793.1328125,0.01953125,,
13,B0018,RandomForest,Baseline,0.0116685954291715,0.010597133406500463,-0.24075928292151239,1.5496533772411825,0.11619059974327683,,0.9955911636352539,5.425799870863557,3343.140625,0.02734375,,
13,B0018,XGBoost,Baseline,0.008559249892329406,0.007848214389973452,0.33239161831939956,1.144891979397789,0.036688999738544226,,0.08750057220458984,0.2781499642878771,3343.140625,0.01953125,,
13,B0018,LightGBM,Baseline,0.01770655372364783,0.015417651183344056,-1.8570540162012277,2.258972547590336,0.009082699660211802,,0.05813407897949219,0.3277999348938465,3343.140625,0.01953125,,
14,B0005,RandomForest,Baseline,0.01887907337142605,0.017160542163336,-4.0798093595077125,2.6169084921504,0.16166870016604662,,1.256516456604004,5.711850011721253,3921.22265625,0.01953125,,
14,B0005,XGBoost,Baseline,0.015307291818542812,0.013586820161943949,-2.339510310566442,2.073596895476649,0.04553639981895685,,0.09107017517089844,0.1950496807694435,3920.546875,0.01953125,,
14,B0005,LightGBM,Baseline,0.028148475421760768,0.026545199570525573,-10.292648763098235,4.04207486226157,0.011264499742537737,,0.0661153793334961,0.5544000305235386,3920.5703125,0.01953125,,
14,B0006,RandomForest,Baseline,0.04108949511374093,0.037011101295980314,-3.9493909675825467,6.377704458043746,0.14431719994172454,,1.256516456604004,5.250849993899465,4425.23828125,0.01953125,,
14,B0006,XGBoost,Baseline,0.03668576422565793,0.03246258391885347,-2.9453477867128597,5.598910235432633,0.04910979978740215,,0.09165573120117188,0.15110010281205177,4425.0546875,0.01953125,,
14,B0006,LightGBM,Baseline,0.05306958881182157,0.04889343189284838,-7.256226465060108,8.410569809261927,0.012556400150060654,,0.06752300262451172,0.49875001423060894,4425.0546875,0.01953125,,
14,B0018,RandomForest,Baseline,0.012337683904670589,0.011255999051000266,-0.38713154115596593,1.6467444399838196,0.1271939999423921,,0.9947671890258789,5.3593500051647425,5017.9375,0.01953125,,
14,B0018,XGBoost,Baseline,0.008559249892329406,0.007848214389973452,0.33239161831939956,1.144891979397789,0.045746300369501114,,0.08750057220458984,0.20554987713694572,5017.98828125,0.01953125,,
14,B0018,LightGBM,Baseline,0.01770655372364783,0.015417651183344056,-1.8570540162012277,2.258972547590336,0.008984799962490797,,0.058135986328125,0.5979998968541622,5017.9921875,0.01953125,,
15,B0005,RandomForest,Baseline,0.01832744056782201,0.016595449411272,-3.7872896521691963,2.530945571353692,0.14365149987861514,,1.2539072036743164,5.373199936002493,5606.21484375,0.01953125,,
15,B0005,XGBoost,Baseline,0.015307291818542812,0.013586820161943949,-2.339510310566442,2.073596895476649,0.048080800101161,,0.09107017517089844,0.15259999781847,5605.84375,0.01953125,,
15,B0005,LightGBM,Baseline,0.028148475421760768,0.026545199570525573,-10.292648763098235,4.04207486226157,0.012116000056266785,,0.06611824035644531,0.32905000261962414,5605.84375,0.01953125,,
15,B0006,RandomForest,Baseline,0.04004029998743198,0.03514918805086166,-3.6998586528309847,6.067777196468926,0.14729319978505373,,1.2539072036743164,5.420200061053038,6152.64453125,0.01953125,,
15,B0006,XGBoost,Baseline,0.03668576422565793,0.03246258391885347,-2.9453477867128597,5.598910235432633,0.04883750015869737,,0.09165573120117188,0.18239999189972878,6152.7578125,0.01953125,,
15,B0006,LightGBM,Baseline,0.05306958881182157,0.04889343189284838,-7.256226465060108,8.410569809261927,0.011365699581801891,,0.06752586364746094,0.6097001023590565,6152.7578125,0.01953125,,
15,B0018,RandomForest,Baseline,0.011563496078090521,0.010724513701500443,-0.21850883733242465,1.5675042281289173,0.1272724997252226,,1.0039682388305664,5.41195017285645,6675.09375,0.01953125,,
15,B0018,XGBoost,Baseline,0.008559249892329406,0.007848214389973452,0.33239161831939956,1.144891979397789,0.03623049985617399,,0.08750057220458984,0.2797499764710665,6675.1015625,0.01953125,,
15,B0018,LightGBM,Baseline,0.01770655372364783,0.015417651183344056,-1.8570540162012277,2.258972547590336,0.014213899616152048,,0.05813884735107422,0.3278499934822321,6674.85546875,0.01953125,,
16,B0005,RandomForest,Baseline,0.0190803641807421,0.017339869622637567,-4.188709836033436,2.6442506124975838,0.18286370020359755,,1.265305519104004,5.4090500343590975,6952.6015625,0.01953125,,
16,B0005,XGBoost,Baseline,0.015307291818542812,0.013586820161943949,-2.339510310566442,2.073596895476649,0.0497171999886632,,0.09107017517089844,0.16635004431009293,6952.58984375,0.01953125,,
16,B0005,LightGBM,Baseline,0.028148475421760768,0.026545199570525573,-10.292648763098235,4.04207486226157,0.012075200211256742,,0.0661163330078125,0.5568002816289663,6952.58984375,0.01953125,,
16,B0006,RandomForest,Baseline,0.04109971304159885,0.037072147309700224,-3.951852852683187,6.386736520206912,0.1782364002428949,,1.265305519104004,5.317599978297949,7490.3515625,0.01953125,,
16,B0006,XGBoost,Baseline,0.03668576422565793,0.03246258391885347,-2.9453477867128597,5.598910235432633,0.05118840001523495,,0.09165573120117188,0.2633498515933752,7490.171875,0.01953125,,
16,B0006,LightGBM,Baseline,0.05306958881182157,0.04889343189284838,-7.256226465060108,8.410569809261927,0.015498199965804815,,0.06752395629882812,0.3981497138738632,7490.17578125,0.01953125,,
16,B0018,RandomForest,Baseline,0.01201954135239529,0.011109040154000405,-0.31651605688349016,1.6241388049221466,0.11816430045291781,,0.9972391128540039,5.272150039672852,6926.78125,0.01953125,,
16,B0018,XGBoost,Baseline,0.008559249892329406,0.007848214389973452,0.33239161831939956,1.144891979397789,0.03548360010609031,,0.08750057220458984,0.14424999244511127,6926.8046875,0.01953125,,
16,B0018,LightGBM,Baseline,0.01770655372364783,0.015417651183344056,-1.8570540162012277,2.258972547590336,0.008950599934905767,,0.058136940002441406,0.40544988587498665,6927.7890625,0.01953125,,
17,B0005,RandomForest,Baseline,0.018952980912570385,0.017221156081649702,-4.119659948375031,2.6259694087862138,0.15241400012746453,,1.2558298110961914,5.327200051397085,7588.4453125,0.03515625,,
17,B0005,XGBoost,Baseline,0.015307291818542812,0.013586820161943949,-2.339510310566442,2.073596895476649,0.04870899999514222,,0.09107017517089844,0.14675012789666653,7588.2734375,0.01953125,,
17,B0005,LightGBM,Baseline,0.028148475421760768,0.026545199570525573,-10.292648763098235,4.04207486226157,0.020465999841690063,,0.0661163330078125,0.3443998284637928,7589.12109375,0.01953125,,
17,B0006,RandomForest,Baseline,0.040195228093001155,0.035436787645027015,-3.7362993835827334,6.1161301479352055,0.14808830013498664,,1.2558298110961914,5.250200163573027,8099.984375,0.01953125,,
17,B0006,XGBoost,Baseline,0.03668576422565793,0.03246258391885347,-2.9453477867128597,5.598910235432633,0.047492699697613716,,0.09165573120117188,0.19649998284876347,8100.92578125,0.01953125,,
17,B0006,LightGBM,Baseline,0.05306958881182157,0.04889343189284838,-7.256226465060108,8.410569809261927,0.011596399825066328,,0.06752395629882812,0.38834987208247185,8100.92578125,0.01953125,,
17,B0018,RandomForest,Baseline,0.011203114165175342,0.010365977381500368,-0.14374153223847475,1.5143223080188255,0.4765862999483943,,1.0031442642211914,28.486200142651796,4795.9296875,0.01953125,,
17,B0018,XGBoost,Baseline,0.008559249892329406,0.007848214389973452,0.33239161831939956,1.144891979397789,0.1376817999407649,,0.08750057220458984,0.8132499642670155,4796.8984375,0.98828125,,
17,B0018,LightGBM,Baseline,0.01770655372364783,0.015417651183344056,-1.8570540162012277,2.258972547590336,0.03520569996908307,,0.058136940002441406,1.5309499576687813,4795.68359375,0.01953125,,
18,B0005,RandomForest,Baseline,0.01875617325204379,0.017080025547138087,-4.01388694034049,2.604510002762326,0.1554676997475326,,1.257340431213379,5.421150242909789,2248.6015625,0.02734375,,
18,B0005,XGBoost,Baseline,0.015307291818542812,0.013586820161943949,-2.339510310566442,2.073596895476649,0.04633289994671941,,0.09107017517089844,0.13999990187585354,2248.609375,0.01953125,,
18,B0005,LightGBM,Baseline,0.028148475421760768,0.026545199570525573,-10.292648763098235,4.04207486226157,0.011615199968218803,,0.0661163330078125,0.5927002057433128,2248.71484375,0.01953125,,
18,B0006,RandomForest,Baseline,0.04161514800393496,0.03729200409188954,-4.0768348813840305,6.427554987774553,0.17406310001388192,,1.257340431213379,5.2449500653892756,1744.515625,0.01953125,,
18,B0006,XGBoost,Baseline,0.03668576422565793,0.03246258391885347,-2.9453477867128597,5.598910235432633,0.05969499982893467,,0.09165573120117188,0.2640499733388424,1746.83984375,2.609375,,
18,B0006,LightGBM,Baseline,0.05306958881182157,0.04889343189284838,-7.256226465060108,8.410569809261927,0.011332800146192312,,0.06752395629882812,0.5567497573792934,1745.1015625,0.01953125,,
18,B0018,RandomForest,Baseline,0.011039339378086484,0.010164410607000306,-0.11054596424209273,1.4857917316799072,0.1235445998609066,,1.0069894790649414,5.248599918559194,2296.91796875,0.01953125,,
18,B0018,XGBoost,Baseline,0.008559249892329406,0.007848214389973452,0.33239161831939956,1.144891979397789,0.04802689980715513,,0.08750057220458984,0.15514995902776718,2296.94140625,0.01953125,,
18,B0018,LightGBM,Baseline,0.01770655372364783,0.015417651183344056,-1.8570540162012277,2.258972547590336,0.010723300278186798,,0.058136940002441406,0.5176002159714699,2296.8671875,0.01953125,,
19,B0005,RandomForest,Baseline,0.019188793153141204,0.017492883292847577,-4.247849698010139,2.6672358553861777,0.1612491002306342,,1.262833595275879,5.357300164178014,2915.10546875,0.01953125,,
19,B0005,XGBoost,Baseline,0.015307291818542812,0.013586820161943949,-2.339510310566442,2.073596895476649,0.04767070012167096,,0.09107017517089844,0.15334994532167912,2914.59375,0.0234375,,
19,B0005,LightGBM,Baseline,0.028148475421760768,0.026545199570525573,-10.292648763098235,4.04207486226157,0.02307470003142953,,0.0661163330078125,0.3348500467836857,2915.9140625,0.01953125,,
19,B0006,RandomForest,Baseline,0.04134149226517683,0.03717960157820907,-4.010285217476577,6.406703441794119,0.15807819971814752,,1.262833595275879,5.3419501055032015,3622.33203125,0.03125,,
19,B0006,XGBoost,Baseline,0.03668576422565793,0.03246258391885347,-2.9453477867128597,5.598910235432633,0.047534599900245667,,0.09165573120117188,0.16479985788464546,3622.49609375,0.01953125,,
19,B0006,LightGBM,Baseline,0.05306958881182157,0.04889343189284838,-7.256226465060108,8.410569809261927,0.02178969979286194,,0.06752395629882812,0.5646499339491129,3621.88671875,0.01953125,,
19,B0018,RandomForest,Baseline,0.011848447515443195,0.01090746208050048,-0.279302553217019,1.5947387589006081,0.12443850003182888,,1.001908302307129,5.256749922409654,4206.73046875,0.01953125,,
19,B0018,XGBoost,Baseline,0.008559249892329406,0.007848214389973452,0.33239161831939956,1.144891979397789,0.04382190015166998,,0.08750057220458984,0.23924978449940681,4206.83203125,0.01953125,,
19,B0018,LightGBM,Baseline,0.01770655372364783,0.015417651183344056,-1.8570540162012277,2.258972547590336,0.009225900284945965,,0.058136940002441406,0.32490002922713757,4205.99609375,0.01953125,,
20,B0005,RandomForest,Baseline,0.018188665621819127,0.016471986520945746,-3.715065642810207,2.5122113565460324,0.14140870003029704,,1.259263038635254,5.301150027662516,4802.5078125,0.01953125,,
20,B0005,XGBoost,Baseline,0.015307291818542812,0.013586820161943949,-2.339510310566442,2.073596895476649,0.04918139986693859,,0.09107017517089844,0.21549989469349384,4801.75,0.01953125,,
20,B0005,LightGBM,Baseline,0.028148475421760768,0.026545199570525573,-10.292648763098235,4.04207486226157,0.014141300227493048,,0.0661163330078125,0.5848999135196209,4802.6015625,0.01953125,,
20,B0006,RandomForest,Baseline,0.04004135180414175,0.03591817073766867,-3.700105576794841,6.1915378660727765,0.16519430000334978,,1.259263038635254,5.477600265294313,5486.6328125,0.01953125,,
20,B0006,XGBoost,Baseline,0.03668576422565793,0.03246258391885347,-2.9453477867128597,5.598910235432633,0.049210499972105026,,0.09165573120117188,0.14819996431469917,5486.37109375,0.01953125,,
20,B0006,LightGBM,Baseline,0.05306958881182157,0.04889343189284838,-7.256226465060108,8.410569809261927,0.012273400090634823,,0.06752395629882812,0.5684501957148314,5486.375,0.01953125,,
20,B0018,RandomForest,Baseline,0.012061896858931677,0.01105727648750035,-0.32581091294994513,1.6169874344659476,0.13304889993742108,,0.9931192398071289,5.248550092801452,6144.67578125,0.03515625,,
20,B0018,XGBoost,Baseline,0.008559249892329406,0.007848214389973452,0.33239161831939956,1.144891979397789,0.042070799972862005,,0.08750057220458984,0.17805001698434353,6144.71484375,0.01953125,,
20,B0018,LightGBM,Baseline,0.01770655372364783,0.015417651183344056,-1.8570540162012277,2.258972547590336,0.009380099829286337,,0.058136940002441406,0.580949941650033,6144.546875,0.01953125,,
