battery,model,optimizer,test_RMSE_mean,test_RMSE_std,test_RMSE_min,test_RMSE_max,test_MAE_mean,test_R2_mean,test_MAPE_mean,hpo_time_mean,hpo_time_std,training_time_mean,training_time_std,model_size_mb_mean,model_size_mb_std,inference_ms_mean,hpo_ram_mean,train_ram_mean,n_runs,RMSE_CI_lower,RMSE_CI_upper,RandomSearch_RMSE,RMSE_Improvement_vs_RandomSearch_pct,Pareto_Optimal
B0005,LightGBM,Bayesian,0.0200072338116414,0.0008154337879320994,0.01891256481166072,0.021733562452056435,0.018364610471270443,-4.714062261268291,2.799679951151689,107.45784651997965,57.6658248899968,0.07823272494133562,0.060238216176868614,0.45089330673217776,0.35897815235332614,0.4810074926353991,269.938671875,0.3904296875,20,0.019649854196971996,0.020364613426310796,0.02722008056745547,26.498256454236227,False
B0005,LightGBM,GA,0.028138425032585106,0.008014709438112971,0.018568467903097456,0.052630090330183295,0.026738115303884112,-11.154317712422937,4.070663899015619,2.5697771600447594,1.1532613663226545,0.05196687495335937,0.033665071441404494,0.22922492027282715,0.17907084357877787,0.45359996147453785,1.1076171875,0.2736328125,20,0.024625823748373275,0.031651026316796935,0.02722008056745547,-3.3737757052329123,False
B0005,LightGBM,GWO,0.02091840811633276,0.0018889594650478244,0.0193894792567865,0.026267724618233398,0.01935882251345203,-5.284846488377583,2.9505730049926653,3.2157706500263883,2.238642588017289,0.07043023996520788,0.061245313427321486,0.33228745460510256,0.2721238321479613,0.4945275140926242,1.4896484375,0.393359375,20,0.0200905351292974,0.02174628110336812,0.02722008056745547,23.15082218623936,True
B0005,LightGBM,PSO,0.020045873262418808,0.0012918463096407372,0.018868168054045276,0.0244333648420617,0.018333362149286735,-4.749712598863051,2.7950941341888593,3.9968337699538097,1.4730265430569722,0.08747136003803462,0.044367255000644146,0.5361071586608886,0.3048770400472474,0.5064999801106751,1.5134765625,0.4689453125,20,0.019479696654110378,0.020612049870727237,0.02722008056745547,26.35630444685089,True
B0005,LightGBM,RandomSearch,0.02722008056745547,0.004186267058278493,0.019865562896518762,0.03713952924119863,0.0257994579023711,-9.797304646342052,3.9284564495839818,1.4075709000695498,0.37264479976414583,0.03718386001419276,0.016726588091515032,0.1595839023590088,0.0885358419332642,0.4046099493280053,1.1130859375,0.11640625,20,0.02538536813545683,0.029054792999454113,0.02722008056745547,0.0,True
B0005,LightGBM,WOA,0.022803731111797555,0.003717175251012484,0.018918624332485718,0.0334006767682346,0.02120954837509286,-6.598443251330378,3.2317450500654035,2.1647921299561856,1.4948504537863356,0.03897374493535608,0.030780720866385877,0.19874076843261718,0.2007844799476835,0.4743674537166953,1.330078125,0.27109375,20,0.021174607228870976,0.024432854994724126,0.02722008056745547,16.224600969543545,True
B0005,RandomForest,Bayesian,0.018723176572180717,0.00034559197054850324,0.017875406638559275,0.019258544411131368,0.017016428001239293,-3.997878260162744,2.5947972107275956,82.44161879003514,34.78354811049597,0.34548688498325647,0.2021713768332334,3.0610986709594727,1.9062830873035004,13.920822413638234,178.590234375,0.1380859375,20,0.018571714213010303,0.01887463893135113,0.019102399971446256,1.9852133754522547,False
B0005,RandomForest,GA,0.01983518726710931,0.001040340246894545,0.018623204869292555,0.02209564041640417,0.018158119480595668,-4.622017193863056,2.7683037908332344,28.573027759999967,9.452512967668298,0.28763484000228345,0.12028191128587762,1.6883295059204102,1.2163118972309104,14.498877548612654,0.3703125,0.065625,20,0.019379238050799427,0.020291136483419195,0.019102399971446256,-3.836100682418992,False
B0005,RandomForest,GWO,0.0189316108667262,0.000503747481114965,0.01834292970132337,0.020514283658664086,0.01723660750726986,-4.111557181357108,2.6282536955093536,27.679632209986448,14.491416403487351,0.2577970749465749,0.17772933441533623,2.2778512954711916,1.7640396605356932,11.664792499504983,0.623046875,0.015234375,20,0.0187108337989178,0.0191523879345346,0.019102399971446256,0.8940714516256987,False
B0005,RandomForest,PSO,0.018718145341579468,0.00020014616272182324,0.01842918894695297,0.01911083681725449,0.017031667643687402,-3.994118743485481,2.5970198535242037,35.83107945008669,12.37237304057166,0.43010746999643745,0.1883842440338381,4.248079872131347,1.731940197923913,18.424854998011142,1.6466796875,0.1916015625,20,0.01863042741822425,0.018805863264934688,0.019102399971446256,2.0115515874505876,False
B0005,RandomForest,RandomSearch,0.019102399971446256,0.0005362478291210056,0.01851750213673238,0.021125648071995164,0.017415608562432267,-4.2045950775643615,2.6554536171733227,27.50926403508056,7.504638666864824,0.37381407506763936,0.1907796486278113,2.5751413345336913,1.3883268034011065,16.16028246935457,4.3283203125,0.018359375,20,0.018867378998100807,0.019337420944791704,0.019102399971446256,0.0,False
B0005,RandomForest,WOA,0.01933639672652223,0.001095134173518343,0.017888083932880106,0.022969756074101913,0.017595147528594285,-4.345133418649779,2.682758234962272,20.964741480024532,11.57322221941404,0.20637015495449304,0.17725678613497306,1.7964212417602539,1.475506336638297,9.571962500922382,0.6017578125,0.0189453125,20,0.0188564330130541,0.01981636043999036,0.019102399971446256,-1.2249599810795821,False
B0005,XGBoost,Bayesian,0.018124988980624413,0.0034480061984651887,0.015320089770352293,0.026823642626191864,0.016492205709846018,-3.8430798129395525,2.5146117033253725,99.20129327995237,45.61761164253304,0.23488990501500667,0.47761843476122273,0.3606959342956543,0.4284744998357885,0.27261744253337383,254.529296875,2.42734375,20,0.016613833636289085,0.019636144324959734,0.06722913513775819,73.0399789563189,True
B0005,XGBoost,GA,0.05657033074803821,0.026841771683875613,0.015452700199861757,0.1003554603843738,0.055795376075832445,-54.36546686441583,8.476681312923656,5.573119555017911,2.537735967362446,0.08152179499156773,0.05041232480147948,0.22225303649902345,0.10833524438208968,0.21398502867668867,0.8703125,0.626171875,20,0.044806405628189924,0.06833425586788648,0.06722913513775819,15.854442226393642,False
B0005,XGBoost,GWO,0.019032999667703734,0.005554718664031847,0.015130662379648014,0.03396585916418027,0.017430428087395665,-4.580747906975186,2.657149871458432,6.316087349923327,2.078062572485686,0.10257808496244251,0.04312400751945265,0.2381650447845459,0.08623763532507589,0.2534299739636481,2.948046875,2.297265625,20,0.016598536876085975,0.021467462459321487,0.06722913513775819,71.68935814999925,False
B0005,XGBoost,PSO,0.016381523637373625,0.0022560291961992883,0.014453763310982982,0.025038315281612194,0.014749709077908239,-2.8935886767162287,2.2498044544906377,8.112701669987292,2.8883078437943968,0.13054062004666775,0.07294810053594905,0.2961876392364502,0.17923037522083254,0.27021998539566994,4.953125,2.9345703125,20,0.015392775247556164,0.017370272027191085,0.06722913513775819,75.63329707602739,False
B0005,XGBoost,RandomSearch,0.06722913513775819,0.008830655114099951,0.04853203044605126,0.08881247375638945,0.06669695166868042,-64.47292548381805,10.130377533470352,4.481557565019466,1.173889137691633,0.07068105996586382,0.028841269329523588,0.20649957656860352,0.09439254781109703,0.25176245253533125,0.534375,0.0203125,20,0.06335892989404536,0.07109934038147096,0.06722913513775819,0.0,False
B0005,XGBoost,WOA,0.017142256211879356,0.006927161156335264,0.01498079336711799,0.046328133706099124,0.015513310257214563,-3.8378591347901883,2.3655579705498964,6.628066934971139,3.114682000691324,0.09787921996321529,0.05065791367300959,0.20605688095092772,0.11986294810769454,0.25236502988263965,7.2970703125,5.1044921875,20,0.014106293977493663,0.020178218446265047,0.06722913513775819,74.50174514850828,True
B0006,LightGBM,Bayesian,0.04520301997055184,0.0034253541821225274,0.0394931248572295,0.052789613329307865,0.04037915305945434,-5.022651279296522,6.960946175383905,123.12245813999326,81.27978600202057,0.08017062996514142,0.04842300141421991,0.47710118293762205,0.3594268564790058,0.5205624969676137,253.9193359375,0.4634765625,20,0.04370179231009696,0.046704247631006716,0.053489161776513375,15.491253799381672,False
B0006,LightGBM,GA,0.052428867274566825,0.004088767501162541,0.043502689968072134,0.05999859305969749,0.04905016417278693,-7.104629675395872,8.42443947487176,1.9122304250020534,0.7920916528917262,0.03459240498486906,0.013095817870939495,0.14088377952575684,0.07684646279368695,0.4404399776831269,1.0978515625,0.0166015625,20,0.050636885907515715,0.054220848641617934,0.053489161776513375,1.9822604556351755,False
B0006,LightGBM,GWO,0.04750783287444269,0.003022549886150363,0.04168892166280779,0.05170444421185947,0.04361349655870204,-5.6418248616307904,7.502452374047666,3.3425347949378192,2.820436591436638,0.06060998006723821,0.030964952809649112,0.2850323677062988,0.21471622925676243,0.5292975227348506,1.2962890625,0.06640625,20,0.04618314198032267,0.048832523768562716,0.053489161776513375,11.182319377263138,True
B0006,LightGBM,PSO,0.044421324730249324,0.002049431041305259,0.040195538549361164,0.04885494431250979,0.039736363833446676,-4.796294896576649,6.850508802103617,3.3912496350239962,1.9473927408846057,0.05908004506491125,0.03300851847292632,0.36421980857849123,0.23269012249863502,0.44990243623033166,1.54609375,0.187890625,20,0.0435231219740322,0.045319527486466435,0.053489161776513375,16.95266245552881,True
B0006,LightGBM,RandomSearch,0.053489161776513375,0.0030773783492361326,0.0482310226930019,0.05994676216857954,0.05043991303011983,-7.413665448173335,8.657700791501517,1.5812883750302718,0.9456139214658111,0.03518863504286855,0.017005757356635506,0.12595725059509277,0.06889144325443727,0.5015474860556424,1.132421875,0.1171875,20,0.05214044124896327,0.05483788230406348,0.053489161776513375,0.0,True
B0006,LightGBM,WOA,0.049447866294406326,0.007447637326777051,0.0434077178283224,0.07295309435430535,0.045383673635170145,-6.322262219006687,7.806518893877142,2.9172776750288905,3.976778005715372,0.04931569998152554,0.07092326909414685,0.20219902992248534,0.244423273641414,0.48745754174888134,1.2927734375,0.305859375,20,0.04618379532085642,0.052711937267956234,0.053489161776513375,7.555353921963209,True
B0006,RandomForest,Bayesian,0.04109523799539352,0.0008389441273699881,0.03996341414106089,0.04295056335542692,0.03634180209436927,-3.952734676781803,6.2699564824205805,85.90620572494808,26.044283868216432,0.2376973249949515,0.17195806194485597,2.3794748306274416,1.9216862543111835,11.489130009431392,178.10234375,0.1763671875,20,0.0407275545201613,0.04146292147062573,0.04115010672869946,0.1333380097108619,False
B0006,RandomForest,GA,0.042113236268031914,0.0011164136093952813,0.04009978018481076,0.044294273783564334,0.037652387793423184,-4.202561671783698,6.491022796513154,28.32853286496829,9.475665144544944,0.29531101495958867,0.15503543244755244,1.2214471817016601,0.7497599459177205,14.911969972308725,0.1625,0.019921875,20,0.041623946430595624,0.042602526105468205,0.04115010672869946,-2.3405274394118036,False
B0006,RandomForest,GWO,0.04132838181054899,0.0011696230108780216,0.03995816007269468,0.04474994826181033,0.036517620590478354,-4.010917769454627,6.300492385026937,28.219705595006236,9.660714588864627,0.26922566497232764,0.17579741527132756,2.2860589981079102,1.640887265407032,12.344070035032928,0.9966796875,0.014453125,20,0.04081577192471624,0.04184099169638176,0.04115010672869946,-0.43323115301958054,False
B0006,RandomForest,PSO,0.04107753805951405,0.00102085158219792,0.03932892148271431,0.043195765067365985,0.0363984399677087,-3.9494131162034103,6.278842267543534,32.274474999983795,12.029342797568798,0.36700517500285057,0.15108261708297963,3.343673896789551,1.8479550409997243,17.29745747288689,0.9484375,0.0205078125,20,0.040630130127098436,0.04152494599192968,0.04115010672869946,0.17635110806358778,False
B0006,RandomForest,RandomSearch,0.04115010672869946,0.0008259498228087402,0.040137602219119016,0.04332320114629745,0.036495601781546164,-3.9659034088517777,6.295544918372542,26.120635870005934,7.030969248639264,0.3801860099425539,0.23893286983474518,2.2043962478637695,1.5743543828272233,18.30162248807028,0.23828125,0.0353515625,20,0.04078811825853783,0.04151209519886109,0.04115010672869946,0.0,False
B0006,RandomForest,WOA,0.04284623172095406,0.002022512748858684,0.038642205286463636,0.04807359302281085,0.03821890867194543,-4.393041486764917,6.588782259671173,20.328145094914362,12.112673517198882,0.19405912505462766,0.1580718783523171,1.5837488174438477,1.789958754742981,10.373142489697784,0.3015625,0.024609375,20,0.0419598264265597,0.04373263701534843,0.04115010672869946,-4.1217997402462725,False
B0006,XGBoost,Bayesian,0.03966499433226893,0.0053836726265709,0.03459895966291162,0.05369506938722836,0.03498460761266597,-3.6928842781218734,6.036222615972515,103.29462127501611,43.69098289999773,0.1033028099918738,0.06834487048353156,0.27202186584472654,0.13589605201450428,0.26176251703873277,240.730078125,1.83984375,20,0.037305495771791916,0.04202449289274593,0.0874692129791961,54.652622355590466,True
B0006,XGBoost,GA,0.08907259615345982,0.03251599143304614,0.03543608616863337,0.14441316659626202,0.08680930467853869,-25.20279591450798,14.837521453052101,6.095295560080558,4.24052250718369,0.09510764002334327,0.08202502020060455,0.24946422576904298,0.11897543659170684,0.2553124912083149,1.8173828125,0.72734375,20,0.07482183458224179,0.10332335772467785,0.0874692129791961,-1.8330828867124562,False
B0006,XGBoost,GWO,0.04083294674104092,0.007986609147764591,0.03437028047963413,0.06697917906163481,0.036305837769790364,-4.065418516067725,6.259756386017868,7.097303804988042,3.87333183671294,0.11616444003302603,0.04674775442849921,0.25349440574646,0.10996477228097108,0.25680752005428076,2.341796875,1.4978515625,20,0.03733266095207277,0.04433323253000909,0.0874692129791961,53.31734978482917,False
B0006,XGBoost,PSO,0.03774112946589918,0.002669713455068101,0.03399530263387823,0.0430230378427975,0.03305432438951962,-3.1954592851699024,5.706888934280814,8.197913254983723,3.873808636448692,0.1559901649830863,0.09357985385521368,0.324691104888916,0.1865561627909137,0.2736475318670273,3.2869140625,2.08671875,20,0.036571075955767474,0.038911182976030884,0.0874692129791961,56.85209894951767,False
B0006,XGBoost,RandomSearch,0.0874692129791961,0.01105099885222281,0.06570030772417798,0.10425446605460835,0.08555402398210994,-21.76862657890063,14.623378019968374,4.803060339903459,1.7050864954805693,0.08078916997183114,0.06519640279490929,0.20396170616149903,0.089947097002143,0.2827425138093531,0.5890625,0.0205078125,20,0.08262589918723899,0.09231252677115319,0.0874692129791961,0.0,False
B0006,XGBoost,WOA,0.039951810861869455,0.006923103422838944,0.03338157380130683,0.06172401047580033,0.03542507942007828,-3.8125879709793233,6.109917954638254,6.353754689940251,3.208759870163298,0.09361301986500621,0.07207159532252153,0.20804052352905272,0.16891531790828096,0.24397755041718483,4.3755859375,1.2416015625,20,0.0369176270075985,0.0429859947161404,0.0874692129791961,54.324716661882285,True
B0018,LightGBM,Bayesian,0.009720425485587266,0.0017713862280028362,0.0072507637000478785,0.013041464197646497,0.008585195156789868,0.11180035008121467,1.2529883302456526,113.50300183994696,55.07989043803147,0.062225420004688205,0.032938483957768584,0.41840548515319825,0.2896379826280967,0.43042743345722556,238.9634765625,0.23984375,20,0.008944081241623894,0.010496769729550638,0.016240365757895385,40.14651128862906,False
B0018,LightGBM,GA,0.01769634863580349,0.006996197751346859,0.00912398146787302,0.03698604787284592,0.015968196149141137,-2.2775003633311965,2.3363868814147435,2.029634570050985,1.0014012012989522,0.03857789502944797,0.025431878795823263,0.1862398147583008,0.16789441665488683,0.4195799701847136,1.13046875,0.16484375,20,0.014630129779619113,0.02076256749198787,0.016240365757895385,-8.965209894981998,False
B0018,LightGBM,GWO,0.010195931982685058,0.0016552569437286633,0.00800155908727644,0.013883804904772142,0.009103494472847497,0.028944132939367307,1.3290350419473962,2.439699129993096,0.8103201179341044,0.05423498502932489,0.024041313077833963,0.2863163471221924,0.15703765957103433,0.45196247519925237,1.3451171875,0.2158203125,20,0.009470483641589514,0.010921380323780603,0.016240365757895385,37.21858155978892,True
B0018,LightGBM,PSO,0.010890912240499078,0.0020935178800254835,0.007489037370600194,0.015944067522609635,0.009558259679490751,-0.11882611592824843,1.3956042440827183,2.8549960949923845,1.3734641105965377,0.054226380004547534,0.030976440126207497,0.3194260120391846,0.2019159123740558,0.46063499758020043,1.4078125,0.21640625,20,0.009973387575296826,0.011808436905701334,0.016240365757895385,32.93924285415571,True
B0018,LightGBM,RandomSearch,0.016240365757895385,0.0038357084147857233,0.011155422902223251,0.024034964036384526,0.014502932131447622,-1.5308575353192637,2.122527793969709,1.108806594926864,0.09004081960770612,0.03167328506242484,0.014023822553377755,0.14087910652160646,0.10152097343348089,0.4841599380597472,1.0943359375,0.0666015625,20,0.014559292425458933,0.017921439090331837,0.016240365757895385,0.0,True
B0018,LightGBM,WOA,0.01125097568790541,0.0025135090684049338,0.00819571648404226,0.018429464708739556,0.009846197322419417,-0.2082283016941325,1.4387470513569167,2.7797167599899693,1.5752615368591283,0.05134385002311319,0.03332528775743952,0.28851995468139646,0.246874435086524,0.47833252465352416,1.297265625,0.2671875,20,0.010149381768658351,0.012352569607152468,0.016240365757895385,30.722153333057435,True
B0018,RandomForest,Bayesian,0.011662316776453203,0.00041254696667954616,0.011041529145801891,0.012487074362843026,0.010752296925636987,-0.24089778383902766,1.571956340976677,92.31158348501194,38.3950007197418,0.2336981949629262,0.1730736453640971,1.7984445571899415,1.646986807052673,11.828789999708533,191.612890625,0.294140625,20,0.011481510096417468,0.011843123456488937,0.011868341790242723,1.735920800316846,False
B0018,RandomForest,GA,0.01208244188543521,0.000705546472447223,0.011013577408172154,0.01436472479255249,0.011067230742079751,-0.33464074986898834,1.6185790791354304,31.633782944991253,23.15869276381792,0.3342867900151759,0.2323817284911372,1.2298105239868165,1.1040968021235256,19.616412452887744,0.0736328125,0.0376953125,20,0.011773222510194485,0.012391661260675936,0.011868341790242723,-1.8039596346012294,False
B0018,RandomForest,GWO,0.011755686468844792,0.000400852528345131,0.011245535651328971,0.0127078614066505,0.010856052049385192,-0.26074079420006485,1.5870249060047672,27.61712217500899,12.530124014191765,0.2481522099580616,0.1443569386857432,1.6370119094848632,1.1073257929721199,13.33179003559053,0.067578125,0.0205078125,20,0.011580005102387648,0.011931367835301937,0.011868341790242723,0.9492086037709788,False
B0018,RandomForest,PSO,0.011917804096626813,0.0004339224206580222,0.011376606034243888,0.01293998359232314,0.010987906819036292,-0.2959535890164109,1.606541565807279,25.40922523997724,11.797390466876331,0.2660337649984285,0.1812201937754534,2.0019479751586915,1.5084367892908628,13.040580018423498,0.0513671875,0.029296875,20,0.011727629210834504,0.012107978982419122,0.011868341790242723,-0.416758358145317,False
B0018,RandomForest,RandomSearch,0.011868341790242723,0.00041843641995143973,0.011107703308062548,0.012936690714432044,0.010895149991061786,-0.28511798448869075,1.5931236194060387,26.037744814925826,16.25989281009316,0.29698828004766253,0.21614667523791775,1.284769630432129,0.9902398956184143,16.339712508488446,0.0486328125,0.016015625,20,0.011684953943505199,0.012051729636980243,0.011868341790242723,0.0,False
B0018,RandomForest,WOA,0.012330144227188002,0.0005305070089301982,0.01142682682705151,0.013050276882614606,0.011409110780997751,-0.38787312312618294,1.6676684422553258,20.696173394983635,12.14666553626353,0.19459027997218073,0.14033725781015663,1.09301700592041,0.9210726806043018,10.339505039155483,0.0376953125,0.0158203125,20,0.012097639279224432,0.012562649175151572,0.011868341790242723,-3.891044301782236,False
B0018,XGBoost,Bayesian,0.010376999581519114,0.0017719577097436447,0.00794901666788944,0.01452554273787368,0.009414650843622285,-0.008464257958778514,1.3748086746140389,121.43700703999494,93.07507298162716,0.1466193400323391,0.2228915020628798,0.3654785633087158,0.27391469767646726,0.2507199882529676,258.77890625,1.6970703125,20,0.009600404874639755,0.011153594288398473,0.04967794930534139,79.11145744415143,True
B0018,XGBoost,GA,0.049286182504593025,0.03452682438421764,0.009303178035296938,0.10800507865445477,0.0482909793534507,-31.4562601025601,7.040549637426338,4.561762405000627,1.09361777959664,0.07246044492349028,0.025221649051327386,0.23787589073181153,0.10353695484843263,0.2534975064918399,0.6029296875,0.426953125,20,0.034154134536012654,0.06441823047317338,0.04967794930534139,0.7886130692319908,False
B0018,XGBoost,GWO,0.023921747875280376,0.026637567681752634,0.008579907883978286,0.10770152372624255,0.022887157501813585,-10.357536094425779,3.3393515586728784,4.789327769982629,1.3128141345803457,0.08551824500318617,0.06042397290976344,0.21106905937194825,0.1328763715618022,0.26204001624137163,1.55390625,0.5849609375,20,0.012247319105316911,0.03559617664524385,0.04967794930534139,51.84634589433767,False
B0018,XGBoost,PSO,0.03454536930930543,0.04346703836160011,0.0075242658645573645,0.10843785270208121,0.0338368017686808,-26.231658818855664,4.9303728267554146,5.9024060249794275,2.413756962445347,0.09372504504863173,0.06582121725901321,0.2561066150665283,0.1427419325076845,0.24065501056611538,1.891796875,0.9373046875,20,0.015495099808108148,0.053595638810502694,0.04967794930534139,30.461362048229518,False
B0018,XGBoost,RandomSearch,0.04967794930534139,0.01210045593685843,0.02612527027032729,0.07240381580145408,0.04855208549111443,-22.756976673758075,7.0828776877068504,4.037752374960109,0.5274807223652154,0.060057809995487335,0.014937648928492002,0.19457392692565917,0.0812025596864897,0.2627275069244206,0.4453125,0.01875,20,0.044374690666764346,0.054981207943918434,0.04967794930534139,0.0,False
B0018,XGBoost,WOA,0.01132665973279694,0.003782987834562733,0.008447029111390234,0.026479672244607184,0.010491608007724534,-0.2929986742170822,1.5315973218265237,5.00671186002437,2.5544761875355997,0.0681091899983585,0.04214535998480335,0.1408781051635742,0.0800245174304951,0.24483250454068184,2.3978515625,0.57734375,20,0.009668692213394088,0.012984627252199793,0.04967794930534139,77.19982428586461,True
