battery,model,optimizer,test_RMSE_mean,test_RMSE_std,test_RMSE_count,test_MAE_mean,test_MAE_std,test_R2_mean,test_R2_std,test_MAPE_mean,test_MAPE_std,hpo_time_mean,hpo_time_std,training_time_mean,training_time_std,inference_ms_mean,inference_ms_std,model_size_mb_mean,model_size_mb_std,hpo_peak_ram_delta_mb_mean,hpo_peak_ram_delta_mb_std,train_peak_ram_delta_mb_mean,train_peak_ram_delta_mb_std,RMSE_CI_lower,RMSE_CI_upper,baseline_RMSE_mean,RMSE_Improvement_pct,Pareto_Optimal_Battery,Pareto_Optimal_Overall,GreenAI_Score
B0005,LightGBM,Baseline,0.028148475421760764,0.0,20,0.026545199570525573,0.0,-10.292648763098235,0.0,4.04207486226157,0.0,0.0,0.0,0.013864995050244033,0.003842288140881401,0.4878199892118573,0.13777712267104128,0.06611566543579102,1.6107306749270528e-06,0.0,0.0,0.0197265625,0.0008734640537108552,0.02814847542176077,0.02814847542176077,0.028148475421760764,0.0,,,
B0005,LightGBM,Bayesian,0.0200072338116414,0.0008154337879320994,20,0.018364610471270443,0.0007592246402062602,-4.714062261268291,0.47337517970238957,2.799679951151689,0.11554372363471362,107.45784651997965,57.6658248899968,0.07823272494133562,0.060238216176868614,0.4810074926353991,0.14485033705212438,0.45089330673217776,0.35897815235332614,269.938671875,45.45710189363266,0.3904296875,0.5968036776134785,0.019704340552146742,0.020415851781667955,0.028148475421760764,28.922495759133046,False,False,0.6166628904133593
B0005,LightGBM,GA,0.028138425032585106,0.008014709438112971,20,0.026738115303884112,0.008312778691473325,-11.154317712422937,7.813418603601614,4.070663899015619,1.2608339991222381,2.5697771600447594,1.1532613663226545,0.05196687495335937,0.033665071441404494,0.45359996147453785,0.14897739438383822,0.22922492027282715,0.17907084357877787,1.1076171875,0.36176149775468047,0.2736328125,0.4617547446089687,0.025452696099015903,0.03277929748414841,0.028148475421760764,0.03570491483133167,False,False,0.9192559485356165
B0005,LightGBM,GWO,0.02091840811633276,0.0018889594650478244,20,0.01935882251345203,0.001923794516022238,-5.284846488377583,1.1958422006308576,2.9505730049926653,0.2923434527322254,3.2157706500263883,2.238642588017289,0.07043023996520788,0.061245313427321486,0.4945275140926242,0.16086253633876188,0.33228745460510256,0.2721238321479613,1.4896484375,0.5470662773455301,0.393359375,0.509246614884962,0.020233798945868436,0.021956490638520298,0.028148475421760764,25.685466786732796,True,True,0.952257314557053
B0005,LightGBM,PSO,0.020045873262418808,0.0012918463096407372,20,0.018333362149286735,0.001151175052337755,-4.749712598863051,0.7878111527705555,2.7950941341888593,0.17501095352692866,3.9968337699538097,1.4730265430569722,0.08747136003803462,0.044367255000644146,0.5064999801106751,0.15369496972643718,0.5361071586608886,0.3048770400472474,1.5134765625,0.5470739109005043,0.4689453125,0.7435750047663664,0.019653410376260387,0.02083431542972873,0.028148475421760764,28.785225622124,True,True,0.9475300753703906
B0005,LightGBM,RandomSearch,0.02722008056745547,0.004186267058278493,20,0.0257994579023711,0.004387487475434171,-9.797304646342052,3.356592004132916,3.9284564495839818,0.6654256381190723,1.4075709000695498,0.37264479976414583,0.03718386001419276,0.016726588091515032,0.4046099493280053,0.11574243505742943,0.1595839023590088,0.0885358419332642,1.1130859375,0.13490321208884293,0.11640625,0.31167293926998346,0.025549632497939036,0.029177040479264667,0.028148475421760764,3.2982065294647565,True,True,0.9295627583492471
B0005,LightGBM,WOA,0.022803731111797555,0.003717175251012484,20,0.02120954837509286,0.0038411619278743425,-6.598443251330378,2.7674983514896607,3.2317450500654035,0.5831308085835653,2.1647921299561856,1.4948504537863356,0.03897374493535608,0.030780720866385877,0.4743674537166953,0.14576217637076816,0.19874076843261718,0.2007844799476835,1.330078125,0.6935969234937656,0.27109375,0.4565862867105965,0.021588425131307497,0.024944673173955923,0.028148475421760764,18.987686650451213,True,True,0.9492156286133137
B0005,RandomForest,Baseline,0.01889432316107361,0.0004001061902369703,20,0.017190354441865473,0.0004211321512000501,-4.090186728899639,0.2148210284582881,2.621327175812705,0.06398144686514613,0.0,0.0,0.16334761497564615,0.02229964408191641,5.573174997698516,0.8509876891221149,1.2599565505981445,0.004502189277594201,0.0,0.0,0.034375,0.03741595571111763,0.01871470728780966,0.019054938612657075,0.01889432316107361,0.0,,,
B0005,RandomForest,Bayesian,0.018723176572180717,0.00034559197054850324,20,0.017016428001239293,0.00032825167296498387,-3.997878260162744,0.18329135511363467,2.5947972107275956,0.04998081539146824,82.44161879003514,34.78354811049597,0.34548688498325647,0.2021713768332334,13.920822413638234,8.257139417094448,3.0610986709594727,1.9062830873035004,178.590234375,21.312433939868342,0.1380859375,0.22492701367276716,0.01854828194662637,0.018851145163912297,0.01889432316107361,0.9058095780085536,False,False,0.49263459077656935
B0005,RandomForest,GA,0.01983518726710931,0.001040340246894545,20,0.018158119480595668,0.001072507220448839,-4.622017193863056,0.6011685785881801,2.7683037908332344,0.16290054479742108,28.573027759999967,9.452512967668298,0.28763484000228345,0.12028191128587762,14.498877548612654,6.638986793727181,1.6883295059204102,1.2163118972309104,0.3703125,0.9358474676075516,0.065625,0.2266780274873575,0.019436803891647193,0.020332337868968348,0.01889432316107361,-4.979612648809162,False,False,0.7678490944639367
B0005,RandomForest,GWO,0.0189316108667262,0.000503747481114965,20,0.01723660750726986,0.0005302796979644592,-4.111557181357108,0.2775762243777223,2.6282536955093536,0.08054645220717402,27.679632209986448,14.491416403487351,0.2577970749465749,0.17772933441533623,11.664792499504983,8.48743288492643,2.2778512954711916,1.7640396605356932,0.623046875,1.1510027880158014,0.015234375,0.009041846360592102,0.01876075569858077,0.01920246916024982,0.01889432316107361,-0.19734872392470565,False,False,0.7027487594296418
B0005,RandomForest,PSO,0.018718145341579468,0.00020014616272182324,20,0.017031667643687402,0.0001996650934870966,-3.994118743485481,0.10707092858703984,2.5970198535242037,0.03036494020058047,35.83107945008669,12.37237304057166,0.43010746999643745,0.1883842440338381,18.424854998011142,7.8341143241947,4.248079872131347,1.731940197923913,1.6466796875,1.851431712343814,0.1916015625,0.7687219969677067,0.018637297509657164,0.018810119659577285,0.01889432316107361,0.9324378438551674,False,False,0.5703200715811854
B0005,RandomForest,RandomSearch,0.019102399971446256,0.0005362478291210056,20,0.017415608562432267,0.0005054877749834853,-4.2045950775643615,0.303039060634624,2.6554536171733227,0.07690238481175972,27.50926403508056,7.504638666864824,0.37381407506763936,0.1907796486278113,16.16028246935457,9.476647645239574,2.5751413345336913,1.3883268034011065,4.3283203125,17.38434062782465,0.018359375,0.01076132789402698,0.018948088619025444,0.019493137684370315,0.01889432316107361,-1.1012662829930244,False,False,0.7112323798588656
B0005,RandomForest,WOA,0.01933639672652223,0.001095134173518343,20,0.017595147528594285,0.0010908043246597538,-4.345133418649779,0.6358507239227676,2.682758234962272,0.16573720815171866,20.964741480024532,11.57322221941404,0.20637015495449304,0.17725678613497306,9.571962500922382,6.826652973931359,1.7964212417602539,1.475506336638297,0.6017578125,0.946458257739124,0.0189453125,0.013783030284669805,0.018980979108978297,0.019986027707893313,0.01889432316107361,-2.3397163353243937,False,False,0.7805665415668899
B0005,XGBoost,Baseline,0.015307291818542812,0.0,20,0.013586820161943949,0.0,-2.339510310566442,0.0,2.073596895476649,0.0,0.0,0.0,0.048116350057534875,0.005202106900465718,0.17511998303234577,0.037956042757249245,0.09106931686401368,9.73544665401243e-07,0.0,0.0,0.2173828125,0.6084138567125029,0.015307291818542809,0.015307291818542809,0.015307291818542812,0.0,,,
B0005,XGBoost,Bayesian,0.018124988980624413,0.0034480061984651887,20,0.016492205709846018,0.003511381944296597,-3.8430798129395525,2.0391357930021585,2.5146117033253725,0.5334992875372053,99.20129327995237,45.61761164253304,0.23488990501500667,0.47761843476122273,0.27261744253337383,0.16988706603297207,0.3606959342956543,0.4284744998357885,254.529296875,55.87703128465504,2.42734375,3.203159950467216,0.01693149396015131,0.02010104637760349,0.015307291818542812,-18.407548477440823,False,True,0.6656323164658129
B0005,XGBoost,GA,0.05657033074803821,0.026841771683875613,20,0.055795376075832445,0.02723682096673421,-54.36546686441583,45.813710283928074,8.476681312923656,4.1309675426963945,5.573119555017911,2.537735967362446,0.08152179499156773,0.05041232480147948,0.21398502867668867,0.06503941591656975,0.22225303649902345,0.10833524438208968,0.8703125,0.8465120255954998,0.626171875,0.7587911858903941,0.0450546319358608,0.06815112607956274,0.015307291818542812,-269.56459325816564,False,False,0.6675943297106444
B0005,XGBoost,GWO,0.019032999667703734,0.005554718664031847,20,0.017430428087395665,0.00575625541028008,-4.580747906975186,3.893807874890505,2.657149871458432,0.8737690820619507,6.316087349923327,2.078062572485686,0.10257808496244251,0.04312400751945265,0.2534299739636481,0.09019829681778008,0.2381650447845459,0.08623763532507589,2.948046875,2.1738863937874404,2.297265625,1.9475029694048918,0.01727148386834326,0.02244768995847045,0.015307291818542812,-24.339431777525185,True,False,0.9378968110044055
B0005,XGBoost,PSO,0.016381523637373625,0.0022560291961992883,20,0.014749709077908239,0.002327564749552031,-2.8935886767162287,1.2760387925531158,2.2498044544906377,0.35358724135733044,8.112701669987292,2.8883078437943968,0.13054062004666775,0.07294810053594905,0.27021998539566994,0.07748738554869856,0.2961876392364502,0.17923037522083254,4.953125,2.9869290079856086,2.9345703125,2.006448038749928,0.01577577504685573,0.018207225740049494,0.015307291818542812,-7.017778399765782,True,False,0.91568558154059
B0005,XGBoost,RandomSearch,0.06722913513775819,0.008830655114099951,20,0.06669695166868042,0.00890387025472976,-64.47292548381805,17.13480919390382,10.130377533470352,1.3502250127887159,4.481557565019466,1.173889137691633,0.07068105996586382,0.028841269329523588,0.25176245253533125,0.07958424628546244,0.20649957656860352,0.09439254781109703,0.534375,0.3088411420917228,0.0203125,0.007236141189142909,0.06347155827785675,0.0711370248401772,0.015307291818542812,-339.1967954535155,False,False,0.6511278033515178
B0005,XGBoost,WOA,0.017142256211879356,0.006927161156335264,20,0.015513310257214563,0.007114261627158766,-3.8378591347901883,6.0756440835334224,2.3655579705498964,1.0796445505595682,6.628066934971139,3.114682000691324,0.09787921996321529,0.05065791367300959,0.25236502988263965,0.068219130330369,0.20605688095092772,0.11986294810769454,7.2970703125,3.377521957224439,5.1044921875,3.0781648853927206,0.015482351849848572,0.02362153442260836,0.015307291818542812,-11.987518204322209,True,True,0.9810855386676267
B0006,LightGBM,Baseline,0.05306958881182157,0.0,20,0.04889343189284838,0.0,-7.256226465060108,0.0,8.410569809261927,0.0,0.0,0.0,0.015262780012562871,0.004548774924503547,0.502270006109029,0.13683036165325319,0.06752328872680664,1.6107306749270528e-06,0.0,0.0,0.01953125,0.0,,,0.05306958881182157,0.0,,,
B0006,LightGBM,Bayesian,0.04520301997055184,0.0034253541821225274,20,0.04037915305945434,0.003959632565616683,-5.022651279296522,0.9157693982345932,6.960946175383905,0.6701098621421103,123.12245813999326,81.27978600202057,0.08017062996514142,0.04842300141421991,0.5205624969676137,0.2761652530920253,0.47710118293762205,0.3594268564790058,253.9193359375,45.82622096016552,0.4634765625,0.7815514169779508,0.043788962461093914,0.046658999653626465,0.05306958881182157,14.823120015426625,False,False,0.6166628904133593
B0006,LightGBM,GA,0.052428867274566825,0.004088767501162541,20,0.04905016417278693,0.0045673595117978775,-7.104629675395872,1.2536216539428227,8.42443947487176,0.771966207199151,1.9122304250020534,0.7920916528917262,0.03459240498486906,0.013095817870939495,0.4404399776831269,0.1690251405766414,0.14088377952575684,0.07684646279368695,1.0978515625,0.09359117405678875,0.0166015625,0.00657010739361628,0.050539956691448444,0.05406852763640247,0.05306958881182157,1.2073233495866469,True,False,0.9192559485356165
B0006,LightGBM,GWO,0.04750783287444269,0.003022549886150363,20,0.04361349655870204,0.0038937639136018775,-5.6418248616307904,0.830214555216561,7.502452374047666,0.654019604057655,3.3425347949378192,2.820436591436638,0.06060998006723821,0.030964952809649112,0.5292975227348506,0.2762501140345175,0.2850323677062988,0.21471622925676243,1.2962890625,0.35624232402784817,0.06640625,0.22539327950981766,0.04611979584788609,0.048683148712856415,0.05306958881182157,10.480118768397094,True,True,0.952257314557053
B0006,LightGBM,PSO,0.044421324730249324,0.002049431041305259,20,0.039736363833446676,0.002597689520981259,-4.796294896576649,0.5323402121311831,6.850508802103617,0.43775803745155845,3.3912496350239962,1.9473927408846057,0.05908004506491125,0.03300851847292632,0.44990243623033166,0.13280012892287282,0.36421980857849123,0.23269012249863502,1.54609375,0.5620609466149592,0.187890625,0.37901517696370973,0.043521981003230105,0.04527506964879741,0.05306958881182157,16.296082700467036,True,True,0.9475300753703906
B0006,LightGBM,RandomSearch,0.053489161776513375,0.0030773783492361326,20,0.05043991303011983,0.0034222109856011872,-7.413665448173335,0.9741764063669781,8.657700791501517,0.5785872613726479,1.5812883750302718,0.9456139214658111,0.03518863504286855,0.017005757356635506,0.5015474860556424,0.26352469461434547,0.12595725059509277,0.06889144325443727,1.132421875,0.10297521393735524,0.1171875,0.30998421957527256,0.052236825155661595,0.05482911453684845,0.05306958881182157,-0.7906090363344651,True,True,0.9295627583492471
B0006,LightGBM,WOA,0.049447866294406326,0.007447637326777051,20,0.045383673635170145,0.008303324388245312,-6.322262219006687,2.4647274109446693,7.806518893877142,1.4037620468085745,2.9172776750288905,3.976778005715372,0.04931569998152554,0.07092326909414685,0.48745754174888134,0.28161868095480463,0.20219902992248534,0.244423273641414,1.2927734375,0.4124640879596597,0.305859375,0.598250693368209,0.047018691728661674,0.053786586753014655,0.05306958881182157,6.824478196462835,True,True,0.9492156286133137
B0006,RandomForest,Baseline,0.04054930215916004,0.0006364024492465255,20,0.036018646344119234,0.0008749384948348737,-3.821237598864368,0.15140250549301976,6.212617266182651,0.1462775690651721,0.0,0.0,0.1697080899262801,0.04089320051682971,6.109947559889406,2.3645928640150817,1.2599565505981445,0.004502189277594201,0.0,0.0,0.0203125,0.002718173335697107,0.040281279654722765,0.0408200754662515,0.04054930215916004,0.0,,,
B0006,RandomForest,Bayesian,0.04109523799539352,0.0008389441273699881,20,0.03634180209436927,0.000827459687009008,-3.952734676781803,0.20337839067819227,6.2699564824205805,0.14065249013490153,85.90620572494808,26.044283868216432,0.2376973249949515,0.17195806194485597,11.489130009431392,8.854285970916635,2.3794748306274416,1.9216862543111835,178.10234375,50.044046048417954,0.1763671875,0.33011924086027405,0.04077746409922593,0.041504151684419496,0.04054930215916004,-1.346350756150188,False,False,0.49263459077656935
B0006,RandomForest,GA,0.042113236268031914,0.0011164136093952813,20,0.037652387793423184,0.001354634315884778,-4.202561671783698,0.27595523566434077,6.491022796513154,0.22866189157978759,28.32853286496829,9.475665144544944,0.29531101495958867,0.15503543244755244,14.911969972308725,8.70088106565845,1.2214471817016601,0.7497599459177205,0.1625,0.3426839405346112,0.019921875,0.010288236507977397,0.041643391531604054,0.042585271922511714,0.04054930215916004,-3.8568705886312813,False,False,0.7678490944639367
B0006,RandomForest,GWO,0.04132838181054899,0.0011696230108780216,20,0.036517620590478354,0.0013357333050197809,-4.010917769454627,0.2881681524386072,6.300492385026937,0.22580804413136632,28.219705595006236,9.660714588864627,0.26922566497232764,0.17579741527132756,12.344070035032928,7.567217345441485,2.2860589981079102,1.640887265407032,0.9966796875,1.0447573115004731,0.014453125,0.0076146830818820035,0.040922601138699895,0.0419534347336434,0.04054930215916004,-1.9213145723963057,False,False,0.7027487594296418
B0006,RandomForest,PSO,0.04107753805951405,0.00102085158219792,20,0.0363984399677087,0.0010986936634789365,-3.9494131162034103,0.24702105230329988,6.278842267543534,0.18630517175100259,32.274474999983795,12.029342797568798,0.36700517500285057,0.15108261708297963,17.29745747288689,7.9663217108966355,3.343673896789551,1.8479550409997243,0.9484375,1.2817066089053601,0.0205078125,0.01671155272713488,0.040686371653424896,0.041540467548976286,0.04054930215916004,-1.302700348037138,False,False,0.5703200715811854
B0006,RandomForest,RandomSearch,0.04115010672869946,0.0008259498228087402,20,0.036495601781546164,0.0009464435138473031,-3.9659034088517777,0.20192299873296127,6.295544918372542,0.16019894964748949,26.120635870005934,7.030969248639264,0.3801860099425539,0.23893286983474518,18.30162248807028,13.959525758884965,2.2043962478637695,1.5743543828272233,0.23828125,0.48709477559844144,0.0353515625,0.06982509934000296,0.040873508560616646,0.04158803368431372,0.04054930215916004,-1.4816643876661586,False,False,0.7112323798588656
B0006,RandomForest,WOA,0.04284623172095406,0.002022512748858684,20,0.03821890867194543,0.0022693442856093933,-4.393041486764917,0.5143583558046223,6.588782259671173,0.38461705829288995,20.328145094914362,12.112673517198882,0.19405912505462766,0.1580718783523171,10.373142489697784,8.468639915199073,1.5837488174438477,1.789958754742981,0.3015625,0.6580764937046543,0.024609375,0.03532943454560942,0.0420642825911942,0.04378010759567772,0.04054930215916004,-5.664535366794576,False,False,0.7805665415668899
B0006,XGBoost,Baseline,0.03668576422565793,0.0,20,0.03246258391885347,0.0,-2.9453477867128597,0.0,5.598910235432633,0.0,0.0,0.0,0.05209362504538149,0.010487629543213153,0.19991496810689569,0.0563965923707954,0.09165487289428711,9.73544665401243e-07,0.0,0.0,0.584765625,0.9034205525374778,,,0.03668576422565793,0.0,,,
B0006,XGBoost,Bayesian,0.03966499433226893,0.0053836726265709,20,0.03498460761266597,0.0058658527742902426,-3.6928842781218734,1.3917148488559656,6.036222615972515,0.9949739695569347,103.29462127501611,43.69098289999773,0.1033028099918738,0.06834487048353156,0.26176251703873277,0.08676761042269454,0.27202186584472654,0.13589605201450428,240.730078125,56.721972478336035,1.83984375,2.8760057169882063,0.037838370683110585,0.042781451577087355,0.03668576422565793,-8.120943285481106,True,True,0.6656323164658129
B0006,XGBoost,GA,0.08907259615345982,0.03251599143304614,20,0.08680930467853869,0.03354795220228727,-25.20279591450798,16.905445590847343,14.837521453052101,5.698206305995461,6.095295560080558,4.24052250718369,0.09510764002334327,0.08202502020060455,0.2553124912083149,0.07485093878885013,0.24946422576904298,0.11897543659170684,1.8173828125,3.0340128088875513,0.72734375,1.6640328674468112,0.07542131924551253,0.10240740103134217,0.03668576422565793,-142.79880229716645,False,False,0.6675943297106444
B0006,XGBoost,GWO,0.04083294674104092,0.007986609147764591,20,0.036305837769790364,0.008804964293984835,-4.065418516067725,2.325171369344391,6.259756386017868,1.4938280101671635,7.097303804988042,3.87333183671294,0.11616444003302603,0.04674775442849921,0.25680752005428076,0.1479390675422161,0.25349440574646,0.10996477228097108,2.341796875,0.9869981073582994,1.4978515625,0.9441159740401643,0.03835611365189755,0.045764293467197,0.03668576422565793,-11.304609847768843,False,False,0.9378968110044055
B0006,XGBoost,PSO,0.03774112946589918,0.002669713455068101,20,0.03305432438951962,0.0030613612712073004,-3.1954592851699024,0.6012778514033055,5.706888934280814,0.5191014618255265,8.197913254983723,3.873808636448692,0.1559901649830863,0.09357985385521368,0.2736475318670273,0.06478119897572461,0.324691104888916,0.1865561627909137,3.2869140625,2.2780683116429636,2.08671875,0.9991520549168541,0.03670492017574561,0.038989030399673136,0.03668576422565793,-2.8767704926346505,True,False,0.91568558154059
B0006,XGBoost,RandomSearch,0.0874692129791961,0.01105099885222281,20,0.08555402398210994,0.011345525521817043,-21.76862657890063,5.4755923381975675,14.623378019968374,1.9261059496472774,4.803060339903459,1.7050864954805693,0.08078916997183114,0.06519640279490929,0.2827425138093531,0.1487844259680853,0.20396170616149903,0.089947097002143,0.5890625,0.3678705677623889,0.0205078125,0.003556505734376273,0.0821953241648139,0.09183546795482286,0.03668576422565793,-138.42821548207073,False,False,0.6511278033515178
B0006,XGBoost,WOA,0.039951810861869455,0.006923103422838944,20,0.03542507942007828,0.007550448127940698,-3.8125879709793233,1.883943695129941,6.109917954638254,1.282610175893344,6.353754689940251,3.208759870163298,0.09361301986500621,0.07207159532252153,0.24397755041718483,0.05576592676512244,0.20804052352905272,0.16891531790828096,4.3755859375,2.757482622880658,1.2416015625,1.2780394143939975,0.0376931851825399,0.04381456260072053,0.03668576422565793,-8.902762979453643,True,True,0.9810855386676267
B0018,LightGBM,Baseline,0.01770655372364783,0.0,20,0.015417651183344056,0.0,-1.857054016201228,0.0,2.258972547590336,0.0,0.0,0.0,0.011592659959569573,0.006228472461055129,0.4623000044375658,0.2737466877071457,0.058136272430419925,1.6107306749323916e-06,0.0,0.0,0.01953125,0.0,,,0.01770655372364783,0.0,,,
B0018,LightGBM,Bayesian,0.009720425485587266,0.0017713862280028362,20,0.008585195156789868,0.0016044267721926028,0.11180035008121467,0.33698729169665254,1.2529883302456526,0.23500773546765633,113.50300183994696,55.07989043803147,0.062225420004688205,0.032938483957768584,0.43042743345722556,0.09272093519038396,0.41840548515319825,0.2896379826280967,238.9634765625,69.87410245131628,0.23984375,0.4136014066234002,0.009066804666990561,0.010588115983642309,0.01770655372364783,45.10266855257532,True,False,0.6166628904133593
B0018,LightGBM,GA,0.01769634863580349,0.006996197751346859,20,0.015968196149141137,0.006939415310450773,-2.2775003633311965,2.859579104414896,2.3363868814147435,1.0136160504761715,2.029634570050985,1.0014012012989522,0.03857789502944797,0.025431878795823263,0.4195799701847136,0.09880111547722195,0.1862398147583008,0.16789441665488683,1.13046875,0.15469726012536886,0.16484375,0.370127507645836,0.01524273373878949,0.02121177153973267,0.01770655372364783,0.057634523372605086,False,False,0.9192559485356165
B0018,LightGBM,GWO,0.010195931982685058,0.0016552569437286633,20,0.009103494472847497,0.0015259303326251876,0.028944132939367307,0.3207336833535971,1.3290350419473962,0.22358083711414942,2.439699129993096,0.8103201179341044,0.05423498502932489,0.024041313077833963,0.45196247519925237,0.11718951258394796,0.2863163471221924,0.15703765957103433,1.3451171875,0.34649183835342884,0.2158203125,0.41236360719510606,0.009528104509357656,0.010943731374925728,0.01770655372364783,42.417185513248846,True,True,0.952257314557053
B0018,LightGBM,PSO,0.010890912240499078,0.0020935178800254835,20,0.009558259679490751,0.0018421880287434677,-0.11882611592824843,0.44366597912924133,1.3956042440827183,0.26943641455453,2.8549960949923845,1.3734641105965377,0.054226380004547534,0.030976440126207497,0.46063499758020043,0.11540382774506668,0.3194260120391846,0.2019159123740558,1.4078125,0.46895623204518044,0.21640625,0.41205290638005454,0.010110694257373133,0.011941105663069015,0.01770655372364783,38.492196672050206,False,True,0.9475300753703906
B0018,LightGBM,RandomSearch,0.016240365757895385,0.0038357084147857233,20,0.014502932131447622,0.003695002324765504,-1.5308575353192637,1.207218712327597,2.122527793969709,0.5408586718688223,1.108806594926864,0.09004081960770612,0.03167328506242484,0.014023822553377755,0.4841599380597472,0.1060202627056177,0.14087910652160646,0.10152097343348089,1.0943359375,0.07106544721110931,0.0666015625,0.22530587804046456,0.014720968845235091,0.018007544785170845,0.01770655372364783,8.280481840993653,True,True,0.9295627583492471
B0018,LightGBM,WOA,0.01125097568790541,0.0025135090684049338,20,0.009846197322419417,0.0022106587937000426,-0.2082283016941325,0.5864315620201679,1.4387470513569167,0.3250475051201267,2.7797167599899693,1.5752615368591283,0.05134385002311319,0.03332528775743952,0.47833252465352416,0.12698286873410322,0.28851995468139646,0.246874435086524,1.297265625,0.522703451078454,0.2671875,0.44570259345129515,0.010350271046737414,0.01259497025040859,0.01770655372364783,36.45869284614504,False,True,0.9492156286133137
B0018,RandomForest,Baseline,0.011635483886311951,0.0003280224286388998,20,0.01069711892347538,0.00028719180280384023,-0.2346590563486764,0.06980045303060017,1.5638669118044237,0.042215160354861295,0.0,0.0,0.1437007249565795,0.08042626239536226,6.395537464413792,5.212877838239733,0.9992235183715821,0.005706659289280578,0.0,0.0,0.0220703125,0.004788354446133787,0.011502896502541384,0.01177962779320295,0.011635483886311951,0.0,,,
B0018,RandomForest,Bayesian,0.011662316776453203,0.00041254696667954616,20,0.010752296925636987,0.0004427066893102589,-0.24089778383902766,0.08839663864269892,1.571956340976677,0.06431646936417253,92.31158348501194,38.3950007197418,0.2336981949629262,0.1730736453640971,11.828789999708533,9.286625634760538,1.7984445571899415,1.646986807052673,191.612890625,34.16536948461408,0.294140625,0.644864596812097,0.011490626525514684,0.011846539609590838,0.011635483886311951,-0.2306125847745614,False,False,0.49263459077656935
B0018,RandomForest,GA,0.01208244188543521,0.000705546472447223,20,0.011067230742079751,0.0006692391847049091,-0.33464074986898834,0.16291735514321243,1.6185790791354304,0.09761439158828607,31.633782944991253,23.15869276381792,0.3342867900151759,0.2323817284911372,19.616412452887744,18.63595663419628,1.2298105239868165,1.1040968021235256,0.0736328125,0.20526561761326972,0.0376953125,0.05819180943518841,0.011854215289281858,0.01248627731483408,0.011635483886311951,-3.8413357234679624,False,False,0.7678490944639367
B0018,RandomForest,GWO,0.011755686468844792,0.000400852528345131,20,0.010856052049385192,0.00041759755437937446,-0.26074079420006485,0.08711106531569686,1.5870249060047672,0.06070636865214399,27.61712217500899,12.530124014191765,0.2481522099580616,0.1443569386857432,13.33179003559053,9.502741574152799,1.6370119094848632,1.1073257929721199,0.067578125,0.12351411783552316,0.0205078125,0.015411524848963853,0.011601265490574936,0.011940068599226696,0.011635483886311951,-1.033069047298052,False,False,0.7027487594296418
B0018,RandomForest,PSO,0.011917804096626813,0.0004339224206580222,20,0.010987906819036292,0.0004173127683869897,-0.2959535890164109,0.09566895022329024,1.606541565807279,0.06086364941425946,25.40922523997724,11.797390466876331,0.2660337649984285,0.1812201937754534,13.040580018423498,7.98199737502867,2.0019479751586915,1.5084367892908628,0.0513671875,0.11268969153579837,0.029296875,0.03508765237366836,0.011754390985123273,0.012119844377198093,0.011635483886311951,-2.4263727497142162,False,False,0.5703200715811854
B0018,RandomForest,RandomSearch,0.011868341790242723,0.00041843641995143973,20,0.010895149991061786,0.00039519567450569727,-0.28511798448869075,0.091691676234204,1.5931236194060387,0.05779014745041586,26.037744814925826,16.25989281009316,0.29698828004766253,0.21614667523791775,16.339712508488446,13.718936499651754,1.284769630432129,0.9902398956184143,0.0486328125,0.06606645602216094,0.016015625,0.010894829829925123,0.011714425269472903,0.012077790392377299,0.011635483886311951,-2.001273915257681,False,False,0.7112323798588656
B0018,RandomForest,WOA,0.012330144227188002,0.0005305070089301982,20,0.011409110780997751,0.0005491928612389929,-0.38787312312618294,0.11864171397242403,1.6676684422553258,0.07974675326686885,20.696173394983635,12.14666553626353,0.19459027997218073,0.14033725781015663,10.339505039155483,7.030254160292501,1.09301700592041,0.9210726806043018,0.0376953125,0.042570202365272244,0.0158203125,0.012054869906651125,0.012089871652435294,0.012550962498091086,0.011635483886311951,-5.970188671682605,False,False,0.7805665415668899
B0018,XGBoost,Baseline,0.008559249892329406,0.0,20,0.007848214389973452,0.0,0.33239161831939956,0.0,1.144891979397789,0.0,0.0,0.0,0.04483151999302208,0.022581285050795298,0.2266925061121583,0.14967879961830446,0.08749971389770508,9.73544665401243e-07,0.0,0.0,0.11640625,0.2981749585747479,0.008559249892329404,0.008559249892329404,0.008559249892329406,0.0,,,
B0018,XGBoost,Bayesian,0.010376999581519114,0.0017719577097436447,20,0.009414650843622285,0.0015578904213647466,-0.008464257958778514,0.3584957258147156,1.3748086746140389,0.2284259572392187,121.43700703999494,93.07507298162716,0.1466193400323391,0.2228915020628798,0.2507199882529676,0.11528089982524585,0.3654785633087158,0.27391469767646726,258.77890625,44.35961282431242,1.6970703125,2.1891182465213648,0.009705582935656923,0.011257074351321934,0.008559249892329406,-21.237254573192576,False,True,0.6656323164658129
B0018,XGBoost,GA,0.049286182504593025,0.03452682438421764,20,0.0482909793534507,0.03476059005035604,-31.4562601025601,37.32232049379684,7.040549637426338,5.059910963511654,4.561762405000627,1.09361777959664,0.07246044492349028,0.025221649051327386,0.2534975064918399,0.064774774971993,0.23787589073181153,0.10353695484843263,0.6029296875,0.4670134276651494,0.426953125,0.7541955147953464,0.03534008999192314,0.06537739458685314,0.008559249892329406,-475.82361917908395,False,False,0.6675943297106444
B0018,XGBoost,GWO,0.023921747875280376,0.026637567681752634,20,0.022887157501813585,0.026739409909892892,-10.357536094425779,25.84168639141521,3.3393515586728784,3.8940205898406135,4.789327769982629,1.3128141345803457,0.08551824500318617,0.06042397290976344,0.26204001624137163,0.06699082652464249,0.21106905937194825,0.1328763715618022,1.55390625,1.2083180762941428,0.5849609375,0.6896144347785316,0.015659477774488575,0.04096175669731631,0.008559249892329406,-179.48416246987333,False,False,0.9378968110044055
B0018,XGBoost,PSO,0.03454536930930543,0.04346703836160011,20,0.0338368017686808,0.0435596816151204,-26.231658818855664,46.515995060763544,4.9303728267554146,6.342380656040228,5.9024060249794275,2.413756962445347,0.09372504504863173,0.06582121725901321,0.24065501056611538,0.06792630775135917,0.2561066150665283,0.1427419325076845,1.891796875,1.2991308975107887,0.9373046875,0.8881811199163163,0.019354962876162066,0.05834198880421312,0.008559249892329406,-303.60276594172296,False,False,0.91568558154059
B0018,XGBoost,RandomSearch,0.04967794930534139,0.01210045593685843,20,0.04855208549111443,0.012340665446016266,-22.756976673758075,10.9823639307881,7.0828776877068504,1.7952200548562975,4.037752374960109,0.5274807223652154,0.060057809995487335,0.014937648928492002,0.2627275069244206,0.07877109597081534,0.19457392692565917,0.0812025596864897,0.4453125,0.18337271478816825,0.01875,0.003493856214843421,0.04456483736431142,0.05461397534962785,0.008559249892329406,-480.40073523103433,False,False,0.6511278033515178
B0018,XGBoost,WOA,0.01132665973279694,0.003782987834562733,20,0.010491608007724534,0.0034687148110849283,-0.2929986742170822,1.223895246312647,1.5315973218265237,0.5084802601637908,5.00671186002437,2.5544761875355997,0.0681091899983585,0.04214535998480335,0.24483250454068184,0.1556722451541397,0.1408781051635742,0.0800245174304951,2.3978515625,1.815741944436624,0.57734375,1.350983984987704,0.010320541669960555,0.014421923207858468,0.008559249892329406,-32.332387478809565,True,True,0.9810855386676267
